               epoch,      train/box_loss,      train/obj_loss,      train/cls_loss,   metrics/precision,      metrics/recall,     metrics/mAP_0.5,metrics/mAP_0.5:0.95,        val/box_loss,        val/obj_loss,        val/cls_loss,               x/lr0,               x/lr1,               x/lr2
                   0,            0.076823,            0.023224,            0.015221,             0.80266,             0.41058,             0.50912,             0.17698,            0.048412,            0.012243,           0.0071731,            0.070186,           0.0033126,           0.0033126
                   1,              0.0564,            0.015796,           0.0046026,             0.51662,             0.49101,             0.58621,               0.181,            0.049437,            0.008125,           0.0067817,            0.040055,           0.0065144,           0.0065144
                   2,            0.049354,            0.012596,           0.0034903,             0.72726,             0.79855,             0.85657,             0.35405,            0.034906,           0.0078625,           0.0071319,           0.0097912,           0.0095841,           0.0095841
                   3,            0.041811,            0.010359,           0.0027586,             0.93844,             0.95259,             0.93072,             0.56742,            0.029717,           0.0065468,            0.004216,            0.009406,            0.009406,            0.009406
                   4,            0.036465,           0.0090723,           0.0023668,             0.97059,             0.95803,             0.97224,             0.65227,             0.02234,           0.0059065,           0.0031752,            0.009406,            0.009406,            0.009406
                   5,            0.032556,            0.008436,            0.002015,             0.97773,             0.98935,             0.98853,             0.73681,             0.01958,           0.0049233,           0.0032905,            0.009208,            0.009208,            0.009208
                   6,            0.029716,           0.0077418,           0.0016724,             0.98775,             0.97826,             0.98367,              0.7302,            0.023229,           0.0051372,           0.0022993,             0.00901,             0.00901,             0.00901
                   7,            0.028098,           0.0075004,           0.0017127,             0.98081,             0.98833,             0.98666,             0.73211,            0.018724,           0.0043161,            0.001364,            0.008812,            0.008812,            0.008812
                   8,            0.026094,           0.0072054,           0.0014019,             0.99665,             0.99186,             0.99383,             0.70727,            0.019593,           0.0043268,          0.00088562,            0.008614,            0.008614,            0.008614
                   9,            0.025404,           0.0069093,           0.0011949,              0.9736,             0.99129,             0.99214,             0.80223,             0.01537,           0.0038912,           0.0012784,            0.008416,            0.008416,            0.008416
                  10,            0.024117,           0.0067603,           0.0012066,             0.98973,             0.99282,             0.99224,             0.77433,            0.013664,           0.0039855,          0.00069883,            0.008218,            0.008218,            0.008218
                  11,            0.022633,           0.0063952,           0.0010029,             0.98663,             0.99605,             0.99384,             0.74617,             0.02085,           0.0040523,          0.00072374,             0.00802,             0.00802,             0.00802
                  12,             0.02245,            0.006398,           0.0012496,             0.98778,             0.98943,             0.98959,             0.76885,            0.016554,           0.0039147,          0.00073659,            0.007822,            0.007822,            0.007822
                  13,            0.021475,           0.0061812,          0.00098488,             0.99171,             0.99408,             0.99354,             0.80122,            0.018185,           0.0040019,          0.00061233,            0.007624,            0.007624,            0.007624
                  14,            0.020922,           0.0059295,          0.00093166,             0.97729,              0.9845,             0.98478,             0.81231,            0.013512,           0.0042765,           0.0025935,            0.007426,            0.007426,            0.007426
                  15,            0.020218,            0.005997,          0.00096644,             0.99237,             0.98823,             0.98967,             0.81928,            0.011806,           0.0035278,          0.00052232,            0.007228,            0.007228,            0.007228
                  16,            0.019202,           0.0057668,          0.00077031,             0.99462,             0.99356,             0.99338,             0.85502,            0.011181,           0.0038761,          0.00053591,             0.00703,             0.00703,             0.00703
                  17,            0.018797,           0.0056282,           0.0010216,             0.99218,             0.99097,             0.98874,             0.85661,            0.011398,            0.003791,          0.00056433,            0.006832,            0.006832,            0.006832
                  18,            0.018089,           0.0056133,          0.00094451,             0.99344,             0.99351,             0.98939,             0.85988,             0.01098,           0.0038791,          0.00061867,            0.006634,            0.006634,            0.006634
                  19,            0.017822,           0.0053789,          0.00070641,             0.99545,             0.99351,             0.98954,             0.89589,            0.010448,           0.0034537,           0.0005479,            0.006436,            0.006436,            0.006436
                  20,            0.017507,           0.0052746,          0.00063076,             0.99071,             0.98826,             0.98952,             0.87902,            0.010856,           0.0032819,          0.00062293,            0.006238,            0.006238,            0.006238
                  21,            0.017188,           0.0053738,          0.00065025,             0.99383,             0.99351,             0.99349,             0.88864,            0.009829,           0.0031596,           0.0004931,             0.00604,             0.00604,             0.00604
                  22,            0.016232,            0.005137,          0.00053732,             0.99451,             0.99351,             0.98996,             0.88273,            0.011324,           0.0032763,           0.0004835,            0.005842,            0.005842,            0.005842
                  23,            0.015626,           0.0050346,           0.0006214,             0.99473,             0.99574,             0.99354,             0.86411,            0.010235,           0.0033083,          0.00050647,            0.005644,            0.005644,            0.005644
                  24,            0.015314,           0.0049937,          0.00072315,             0.98992,             0.99321,             0.98966,             0.85118,            0.010528,           0.0029986,           0.0004433,            0.005446,            0.005446,            0.005446
                  25,            0.015126,           0.0048735,          0.00071564,             0.99545,             0.99351,             0.98949,             0.87697,            0.011197,            0.003456,          0.00035335,            0.005248,            0.005248,            0.005248
                  26,            0.014933,            0.004802,          0.00055433,             0.99415,             0.99097,             0.99354,             0.90241,           0.0089711,           0.0033459,          0.00041405,             0.00505,             0.00505,             0.00505
                  27,            0.013828,           0.0046512,          0.00051562,             0.99112,             0.98843,             0.98961,             0.90913,           0.0094016,           0.0031883,          0.00057391,            0.004852,            0.004852,            0.004852
                  28,            0.013921,           0.0046742,          0.00052815,             0.99364,             0.99097,             0.98972,             0.86044,           0.0099037,           0.0033854,          0.00048398,            0.004654,            0.004654,            0.004654
                  29,            0.013144,           0.0046566,           0.0006022,             0.99105,             0.98843,             0.99016,             0.91224,           0.0090029,           0.0032945,           0.0004994,            0.004456,            0.004456,            0.004456
                  30,            0.013484,           0.0045533,          0.00045722,             0.99073,              0.9906,             0.99239,              0.8988,           0.0091912,           0.0029553,          0.00041306,            0.004258,            0.004258,            0.004258
                  31,            0.012718,            0.004378,          0.00041211,               0.993,             0.99063,             0.99292,             0.90299,           0.0087986,           0.0029166,          0.00035052,             0.00406,             0.00406,             0.00406
                  32,            0.012533,            0.004383,          0.00036415,             0.99546,             0.99351,             0.99353,             0.92335,            0.008582,           0.0028393,          0.00028733,            0.003862,            0.003862,            0.003862
                  33,            0.012111,           0.0043333,           0.0005255,             0.98846,             0.99072,             0.98938,             0.91636,           0.0091599,           0.0029006,          0.00026963,            0.003664,            0.003664,            0.003664
                  34,            0.011906,           0.0042577,          0.00041672,             0.99494,             0.99097,             0.98964,             0.90822,           0.0084677,           0.0028054,          0.00023388,            0.003466,            0.003466,            0.003466
                  35,            0.011267,           0.0041978,          0.00049038,             0.99122,             0.98843,             0.98939,             0.91354,            0.008491,           0.0027893,          0.00035288,            0.003268,            0.003268,            0.003268
                  36,            0.011156,            0.004183,          0.00043171,             0.99532,             0.99351,             0.99261,             0.92258,           0.0085892,           0.0029757,          0.00023473,             0.00307,             0.00307,             0.00307
                  37,            0.010881,           0.0039875,          0.00053813,             0.99526,             0.99351,             0.99362,             0.92518,           0.0080923,           0.0029204,          0.00023286,            0.002872,            0.002872,            0.002872
                  38,            0.010547,           0.0038748,           0.0002953,             0.99336,             0.99332,             0.99333,              0.9244,           0.0080824,           0.0026922,          0.00030642,            0.002674,            0.002674,            0.002674
                  39,            0.010213,           0.0039675,          0.00036847,             0.99797,             0.99605,              0.9939,             0.92878,           0.0075908,           0.0024601,          0.00019959,            0.002476,            0.002476,            0.002476
                  40,            0.010007,           0.0038575,          0.00026101,             0.99526,             0.99351,              0.9935,             0.93312,           0.0072311,           0.0026298,          0.00018382,            0.002278,            0.002278,            0.002278
                  41,           0.0098331,           0.0039069,          0.00031126,             0.99474,             0.99351,             0.99338,             0.93533,           0.0068619,           0.0026851,           0.0001974,             0.00208,             0.00208,             0.00208
                  42,           0.0092706,           0.0036811,          0.00029622,             0.99219,             0.99552,             0.99349,             0.93404,            0.007398,           0.0024176,          0.00021739,            0.001882,            0.001882,            0.001882
                  43,            0.008918,           0.0035827,          0.00020474,             0.99273,             0.99097,             0.99265,             0.93902,           0.0067572,           0.0023933,          0.00013666,            0.001684,            0.001684,            0.001684
                  44,           0.0087643,           0.0036338,          0.00019444,             0.99083,             0.99317,             0.98953,             0.94063,           0.0066416,           0.0023701,          0.00015745,            0.001486,            0.001486,            0.001486
                  45,           0.0083767,           0.0034495,          0.00022155,             0.99791,             0.99605,             0.99391,             0.93801,           0.0067204,           0.0025132,          0.00012014,            0.001288,            0.001288,            0.001288
                  46,           0.0083153,           0.0034169,          0.00016765,             0.99334,             0.99564,             0.99355,             0.93883,           0.0065716,           0.0025869,          0.00014272,             0.00109,             0.00109,             0.00109
                  47,           0.0080783,            0.003488,          0.00016072,              0.9948,             0.99584,             0.99353,             0.94294,           0.0064856,           0.0023731,           0.0001029,            0.000892,            0.000892,            0.000892
                  48,           0.0079315,           0.0033821,          0.00012604,             0.99222,             0.99325,             0.99301,             0.94218,           0.0062885,           0.0023341,           8.626e-05,            0.000694,            0.000694,            0.000694
                  49,           0.0077111,           0.0032764,          0.00011356,             0.99475,             0.99582,             0.99349,             0.94194,           0.0063359,           0.0023806,          8.1186e-05,            0.000496,            0.000496,            0.000496
