图片,标签,代表帧,理由
test/images/nozzle_no_extrusion_0244.jpg,test/labels/nozzle_no_extrusion_0244.txt,train/images/nozzle_no_extrusion_0280.jpg,与质量更好的代表帧同时满足整图、目标区域和框IoU阈值
test/images/nozzle_no_extrusion_0272.jpg,test/labels/nozzle_no_extrusion_0272.txt,val/images/nozzle_no_extrusion_0351.jpg,与质量更好的代表帧同时满足整图、目标区域和框IoU阈值
test/images/nozzle_no_extrusion_0276.jpg,test/labels/nozzle_no_extrusion_0276.txt,val/images/nozzle_no_extrusion_0240.jpg,与质量更好的代表帧同时满足整图、目标区域和框IoU阈值
test/images/nozzle_no_extrusion_0357.jpg,test/labels/nozzle_no_extrusion_0357.txt,train/images/nozzle_no_extrusion_0278.jpg,与质量更好的代表帧同时满足整图、目标区域和框IoU阈值
train/images/nozzle_no_extrusion_0166.jpg,train/labels/nozzle_no_extrusion_0166.txt,train/images/nozzle_no_extrusion_0164.jpg,与质量更好的代表帧同时满足整图、目标区域和框IoU阈值
train/images/nozzle_no_extrusion_0167.jpg,train/labels/nozzle_no_extrusion_0167.txt,train/images/nozzle_no_extrusion_0163.jpg,与质量更好的代表帧同时满足整图、目标区域和框IoU阈值
train/images/nozzle_no_extrusion_0197.jpg,train/labels/nozzle_no_extrusion_0197.txt,val/images/nozzle_no_extrusion_0236.jpg,与质量更好的代表帧同时满足整图、目标区域和框IoU阈值
train/images/nozzle_no_extrusion_0198.jpg,train/labels/nozzle_no_extrusion_0198.txt,train/images/nozzle_no_extrusion_0237.jpg,与质量更好的代表帧同时满足整图、目标区域和框IoU阈值
train/images/nozzle_no_extrusion_0200.jpg,train/labels/nozzle_no_extrusion_0200.txt,train/images/nozzle_no_extrusion_0239.jpg,与质量更好的代表帧同时满足整图、目标区域和框IoU阈值
train/images/nozzle_no_extrusion_0202.jpg,train/labels/nozzle_no_extrusion_0202.txt,val/images/nozzle_no_extrusion_0355.jpg,与质量更好的代表帧同时满足整图、目标区域和框IoU阈值
train/images/nozzle_no_extrusion_0234.jpg,train/labels/nozzle_no_extrusion_0234.txt,test/images/nozzle_no_extrusion_0195.jpg,与质量更好的代表帧同时满足整图、目标区域和框IoU阈值
train/images/nozzle_no_extrusion_0235.jpg,train/labels/nozzle_no_extrusion_0235.txt,val/images/nozzle_no_extrusion_0271.jpg,与质量更好的代表帧同时满足整图、目标区域和框IoU阈值
train/images/nozzle_no_extrusion_0238.jpg,train/labels/nozzle_no_extrusion_0238.txt,train/images/nozzle_no_extrusion_0274.jpg,与质量更好的代表帧同时满足整图、目标区域和框IoU阈值
train/images/nozzle_no_extrusion_0242.jpg,train/labels/nozzle_no_extrusion_0242.txt,train/images/nozzle_no_extrusion_0278.jpg,与质量更好的代表帧同时满足整图、目标区域和框IoU阈值
train/images/nozzle_no_extrusion_0270.jpg,train/labels/nozzle_no_extrusion_0270.txt,test/images/nozzle_no_extrusion_0195.jpg,与质量更好的代表帧同时满足整图、目标区域和框IoU阈值
train/images/nozzle_no_extrusion_0273.jpg,train/labels/nozzle_no_extrusion_0273.txt,train/images/nozzle_no_extrusion_0237.jpg,与质量更好的代表帧同时满足整图、目标区域和框IoU阈值
train/images/nozzle_no_extrusion_0275.jpg,train/labels/nozzle_no_extrusion_0275.txt,train/images/nozzle_no_extrusion_0239.jpg,与质量更好的代表帧同时满足整图、目标区域和框IoU阈值
train/images/nozzle_no_extrusion_0277.jpg,train/labels/nozzle_no_extrusion_0277.txt,train/images/nozzle_no_extrusion_0241.jpg,与质量更好的代表帧同时满足整图、目标区域和框IoU阈值
train/images/nozzle_no_extrusion_0312.jpg,train/labels/nozzle_no_extrusion_0312.txt,train/images/nozzle_no_extrusion_0353.jpg,与质量更好的代表帧同时满足整图、目标区域和框IoU阈值
train/images/nozzle_no_extrusion_0313.jpg,train/labels/nozzle_no_extrusion_0313.txt,train/images/nozzle_no_extrusion_0354.jpg,与质量更好的代表帧同时满足整图、目标区域和框IoU阈值
train/images/nozzle_no_extrusion_0314.jpg,train/labels/nozzle_no_extrusion_0314.txt,val/images/nozzle_no_extrusion_0355.jpg,与质量更好的代表帧同时满足整图、目标区域和框IoU阈值
train/images/nozzle_no_extrusion_0317.jpg,train/labels/nozzle_no_extrusion_0317.txt,train/images/nozzle_no_extrusion_0279.jpg,与质量更好的代表帧同时满足整图、目标区域和框IoU阈值
train/images/nozzle_no_extrusion_0318.jpg,train/labels/nozzle_no_extrusion_0318.txt,train/images/nozzle_no_extrusion_0311.jpg,与质量更好的代表帧同时满足整图、目标区域和框IoU阈值
train/images/nozzle_no_extrusion_0320.jpg,train/labels/nozzle_no_extrusion_0320.txt,test/images/nozzle_no_extrusion_0246.jpg,与质量更好的代表帧同时满足整图、目标区域和框IoU阈值
train/images/nozzle_no_extrusion_0350.jpg,train/labels/nozzle_no_extrusion_0350.txt,test/images/nozzle_no_extrusion_0309.jpg,与质量更好的代表帧同时满足整图、目标区域和框IoU阈值
train/images/nozzle_no_extrusion_0352.jpg,train/labels/nozzle_no_extrusion_0352.txt,train/images/nozzle_no_extrusion_0311.jpg,与质量更好的代表帧同时满足整图、目标区域和框IoU阈值
train/images/nozzle_no_extrusion_0356.jpg,train/labels/nozzle_no_extrusion_0356.txt,train/images/nozzle_no_extrusion_0241.jpg,与质量更好的代表帧同时满足整图、目标区域和框IoU阈值
train/images/nozzle_no_extrusion_0361.jpg,train/labels/nozzle_no_extrusion_0361.txt,train/images/nozzle_no_extrusion_0282.jpg,与质量更好的代表帧同时满足整图、目标区域和框IoU阈值
val/images/nozzle_no_extrusion_0168.jpg,val/labels/nozzle_no_extrusion_0168.txt,train/images/nozzle_no_extrusion_0162.jpg,与质量更好的代表帧同时满足整图、目标区域和框IoU阈值
val/images/nozzle_no_extrusion_0199.jpg,val/labels/nozzle_no_extrusion_0199.txt,train/images/nozzle_no_extrusion_0274.jpg,与质量更好的代表帧同时满足整图、目标区域和框IoU阈值
val/images/nozzle_no_extrusion_0243.jpg,val/labels/nozzle_no_extrusion_0243.txt,train/images/nozzle_no_extrusion_0279.jpg,与质量更好的代表帧同时满足整图、目标区域和框IoU阈值
val/images/nozzle_no_extrusion_0245.jpg,val/labels/nozzle_no_extrusion_0245.txt,val/images/nozzle_no_extrusion_0236.jpg,与质量更好的代表帧同时满足整图、目标区域和框IoU阈值
val/images/nozzle_no_extrusion_0310.jpg,val/labels/nozzle_no_extrusion_0310.txt,val/images/nozzle_no_extrusion_0351.jpg,与质量更好的代表帧同时满足整图、目标区域和框IoU阈值
val/images/nozzle_no_extrusion_0315.jpg,val/labels/nozzle_no_extrusion_0315.txt,train/images/nozzle_no_extrusion_0241.jpg,与质量更好的代表帧同时满足整图、目标区域和框IoU阈值
val/images/nozzle_no_extrusion_0349.jpg,val/labels/nozzle_no_extrusion_0349.txt,train/images/nozzle_no_extrusion_0308.jpg,与质量更好的代表帧同时满足整图、目标区域和框IoU阈值
val/images/nozzle_no_extrusion_0360.jpg,val/labels/nozzle_no_extrusion_0360.txt,test/images/nozzle_no_extrusion_0319.jpg,与质量更好的代表帧同时满足整图、目标区域和框IoU阈值
train/images/nozzle_no_extrusion_0186.jpg,train/labels/nozzle_no_extrusion_0186.txt,train/images/nozzle_no_extrusion_0184.jpg,与质量更好的代表帧同时满足整图、目标区域和框IoU阈值
train/images/nozzle_no_extrusion_0263.jpg,train/labels/nozzle_no_extrusion_0263.txt,test/images/nozzle_no_extrusion_0261.jpg,与质量更好的代表帧同时满足整图、目标区域和框IoU阈值
train/images/nozzle_no_extrusion_0298.jpg,train/labels/nozzle_no_extrusion_0298.txt,train/images/nozzle_no_extrusion_0183.jpg,与质量更好的代表帧同时满足整图、目标区域和框IoU阈值
train/images/nozzle_no_extrusion_0299.jpg,train/labels/nozzle_no_extrusion_0299.txt,test/images/nozzle_no_extrusion_0261.jpg,与质量更好的代表帧同时满足整图、目标区域和框IoU阈值
train/images/nozzle_no_extrusion_0303.jpg,train/labels/nozzle_no_extrusion_0303.txt,test/images/nozzle_no_extrusion_0259.jpg,与质量更好的代表帧同时满足整图、目标区域和框IoU阈值
train/images/nozzle_no_extrusion_0339.jpg,train/labels/nozzle_no_extrusion_0339.txt,train/images/nozzle_no_extrusion_0183.jpg,与质量更好的代表帧同时满足整图、目标区域和框IoU阈值
train/images/nozzle_no_extrusion_0340.jpg,train/labels/nozzle_no_extrusion_0340.txt,train/images/nozzle_no_extrusion_0379.jpg,与质量更好的代表帧同时满足整图、目标区域和框IoU阈值
train/images/nozzle_no_extrusion_0342.jpg,train/labels/nozzle_no_extrusion_0342.txt,train/images/nozzle_no_extrusion_0379.jpg,与质量更好的代表帧同时满足整图、目标区域和框IoU阈值
train/images/nozzle_no_extrusion_0374.jpg,train/labels/nozzle_no_extrusion_0374.txt,val/images/nozzle_no_extrusion_0382.jpg,与质量更好的代表帧同时满足整图、目标区域和框IoU阈值
train/images/nozzle_no_extrusion_0376.jpg,train/labels/nozzle_no_extrusion_0376.txt,train/images/nozzle_no_extrusion_0183.jpg,与质量更好的代表帧同时满足整图、目标区域和框IoU阈值
val/images/nozzle_no_extrusion_0187.jpg,val/labels/nozzle_no_extrusion_0187.txt,train/images/nozzle_no_extrusion_0183.jpg,与质量更好的代表帧同时满足整图、目标区域和框IoU阈值
val/images/nozzle_no_extrusion_0258.jpg,val/labels/nozzle_no_extrusion_0258.txt,test/images/nozzle_no_extrusion_0229.jpg,与质量更好的代表帧同时满足整图、目标区域和框IoU阈值
val/images/nozzle_no_extrusion_0301.jpg,val/labels/nozzle_no_extrusion_0301.txt,train/images/nozzle_no_extrusion_0379.jpg,与质量更好的代表帧同时满足整图、目标区域和框IoU阈值
val/images/nozzle_no_extrusion_0302.jpg,val/labels/nozzle_no_extrusion_0302.txt,train/images/nozzle_no_extrusion_0260.jpg,与质量更好的代表帧同时满足整图、目标区域和框IoU阈值
val/images/nozzle_no_extrusion_0338.jpg,val/labels/nozzle_no_extrusion_0338.txt,train/images/nozzle_no_extrusion_0228.jpg,与质量更好的代表帧同时满足整图、目标区域和框IoU阈值
val/images/nozzle_no_extrusion_0343.jpg,val/labels/nozzle_no_extrusion_0343.txt,train/images/nozzle_no_extrusion_0260.jpg,与质量更好的代表帧同时满足整图、目标区域和框IoU阈值
val/images/nozzle_no_extrusion_0377.jpg,val/labels/nozzle_no_extrusion_0377.txt,test/images/nozzle_no_extrusion_0261.jpg,与质量更好的代表帧同时满足整图、目标区域和框IoU阈值
val/images/nozzle_no_extrusion_0381.jpg,val/labels/nozzle_no_extrusion_0381.txt,train/images/nozzle_no_extrusion_0228.jpg,与质量更好的代表帧同时满足整图、目标区域和框IoU阈值
test/images/nozzle_no_extrusion_0304.jpg,test/labels/nozzle_no_extrusion_0304.txt,train/images/nozzle_no_extrusion_0345.jpg,与质量更好的代表帧同时满足整图、目标区域和框IoU阈值
train/images/nozzle_no_extrusion_0364.jpg,train/labels/nozzle_no_extrusion_0364.txt,train/images/nozzle_no_extrusion_0249.jpg,与质量更好的代表帧同时满足整图、目标区域和框IoU阈值
train/images/nozzle_no_extrusion_0444.jpg,train/labels/nozzle_no_extrusion_0444.txt,test/images/nozzle_no_extrusion_0455.jpg,与质量更好的代表帧同时满足整图、目标区域和框IoU阈值
train/images/nozzle_no_extrusion_0566.jpg,train/labels/nozzle_no_extrusion_0566.txt,train/images/nozzle_no_extrusion_0576.jpg,与质量更好的代表帧同时满足整图、目标区域和框IoU阈值
train/images/nozzle_no_extrusion_0585.jpg,train/labels/nozzle_no_extrusion_0585.txt,train/images/nozzle_no_extrusion_0594.jpg,与质量更好的代表帧同时满足整图、目标区域和框IoU阈值
train/images/nozzle_no_extrusion_0894.jpg,train/labels/nozzle_no_extrusion_0894.txt,train/images/nozzle_no_extrusion_0905.jpg,与质量更好的代表帧同时满足整图、目标区域和框IoU阈值
train/images/nozzle_no_extrusion_0895.jpg,train/labels/nozzle_no_extrusion_0895.txt,train/images/nozzle_no_extrusion_0906.jpg,与质量更好的代表帧同时满足整图、目标区域和框IoU阈值
train/images/nozzle_no_extrusion_0896.jpg,train/labels/nozzle_no_extrusion_0896.txt,train/images/nozzle_no_extrusion_0889.jpg,与质量更好的代表帧同时满足整图、目标区域和框IoU阈值
train/images/nozzle_no_extrusion_0898.jpg,train/labels/nozzle_no_extrusion_0898.txt,train/images/nozzle_no_extrusion_0887.jpg,与质量更好的代表帧同时满足整图、目标区域和框IoU阈值
train/images/nozzle_no_extrusion_0899.jpg,train/labels/nozzle_no_extrusion_0899.txt,train/images/nozzle_no_extrusion_0888.jpg,与质量更好的代表帧同时满足整图、目标区域和框IoU阈值
train/images/nozzle_no_extrusion_0902.jpg,train/labels/nozzle_no_extrusion_0902.txt,train/images/nozzle_no_extrusion_0891.jpg,与质量更好的代表帧同时满足整图、目标区域和框IoU阈值
train/images/nozzle_no_extrusion_0903.jpg,train/labels/nozzle_no_extrusion_0903.txt,train/images/nozzle_no_extrusion_0892.jpg,与质量更好的代表帧同时满足整图、目标区域和框IoU阈值
val/images/nozzle_no_extrusion_0900.jpg,val/labels/nozzle_no_extrusion_0900.txt,train/images/nozzle_no_extrusion_0889.jpg,与质量更好的代表帧同时满足整图、目标区域和框IoU阈值
val/images/nozzle_no_extrusion_0901.jpg,val/labels/nozzle_no_extrusion_0901.txt,train/images/nozzle_no_extrusion_0890.jpg,与质量更好的代表帧同时满足整图、目标区域和框IoU阈值
test/images/nozzle_no_extrusion_0291.jpg,test/labels/nozzle_no_extrusion_0291.txt,val/images/nozzle_no_extrusion_0367.jpg,与质量更好的代表帧同时满足整图、目标区域和框IoU阈值
train/images/nozzle_no_extrusion_0288.jpg,train/labels/nozzle_no_extrusion_0288.txt,train/images/nozzle_no_extrusion_0215.jpg,与质量更好的代表帧同时满足整图、目标区域和框IoU阈值
train/images/nozzle_no_extrusion_0329.jpg,train/labels/nozzle_no_extrusion_0329.txt,train/images/nozzle_no_extrusion_0215.jpg,与质量更好的代表帧同时满足整图、目标区域和框IoU阈值
train/images/nozzle_no_extrusion_0330.jpg,train/labels/nozzle_no_extrusion_0330.txt,train/images/nozzle_no_extrusion_0289.jpg,与质量更好的代表帧同时满足整图、目标区域和框IoU阈值
train/images/nozzle_no_extrusion_0333.jpg,train/labels/nozzle_no_extrusion_0333.txt,train/images/nozzle_no_extrusion_0292.jpg,与质量更好的代表帧同时满足整图、目标区域和框IoU阈值
train/images/nozzle_no_extrusion_0369.jpg,train/labels/nozzle_no_extrusion_0369.txt,val/images/nozzle_no_extrusion_0367.jpg,与质量更好的代表帧同时满足整图、目标区域和框IoU阈值
train/images/nozzle_no_extrusion_0370.jpg,train/labels/nozzle_no_extrusion_0370.txt,train/images/nozzle_no_extrusion_0292.jpg,与质量更好的代表帧同时满足整图、目标区域和框IoU阈值
val/images/nozzle_no_extrusion_0254.jpg,val/labels/nozzle_no_extrusion_0254.txt,test/images/nozzle_no_extrusion_0252.jpg,与质量更好的代表帧同时满足整图、目标区域和框IoU阈值
val/images/nozzle_no_extrusion_0328.jpg,val/labels/nozzle_no_extrusion_0328.txt,train/images/nozzle_no_extrusion_0287.jpg,与质量更好的代表帧同时满足整图、目标区域和框IoU阈值
val/images/nozzle_no_extrusion_0332.jpg,val/labels/nozzle_no_extrusion_0332.txt,val/images/nozzle_no_extrusion_0367.jpg,与质量更好的代表帧同时满足整图、目标区域和框IoU阈值
train/images/nozzle_no_extrusion_0347.jpg,train/labels/nozzle_no_extrusion_0347.txt,train/images/nozzle_no_extrusion_0268.jpg,与质量更好的代表帧同时满足整图、目标区域和框IoU阈值
train/images/nozzle_no_extrusion_0481.jpg,train/labels/nozzle_no_extrusion_0481.txt,val/images/nozzle_no_extrusion_0494.jpg,与质量更好的代表帧同时满足整图、目标区域和框IoU阈值
train/images/nozzle_no_extrusion_0034.jpg,train/labels/nozzle_no_extrusion_0034.txt,train/images/nozzle_no_extrusion_0024.jpg,与质量更好的代表帧同时满足整图、目标区域和框IoU阈值
train/images/nozzle_no_extrusion_0091.jpg,train/labels/nozzle_no_extrusion_0091.txt,val/images/nozzle_no_extrusion_0077.jpg,与质量更好的代表帧同时满足整图、目标区域和框IoU阈值
val/images/nozzle_no_extrusion_0033.jpg,val/labels/nozzle_no_extrusion_0033.txt,train/images/nozzle_no_extrusion_0025.jpg,与质量更好的代表帧同时满足整图、目标区域和框IoU阈值
test/images/nozzle_no_extrusion_0335.jpg,test/labels/nozzle_no_extrusion_0335.txt,train/images/nozzle_no_extrusion_0219.jpg,与质量更好的代表帧同时满足整图、目标区域和框IoU阈值
train/images/nozzle_no_extrusion_0334.jpg,train/labels/nozzle_no_extrusion_0334.txt,test/images/nozzle_no_extrusion_0371.jpg,与质量更好的代表帧同时满足整图、目标区域和框IoU阈值
train/images/nozzle_no_extrusion_0016.jpg,train/labels/nozzle_no_extrusion_0016.txt,train/images/nozzle_no_extrusion_0007.jpg,与质量更好的代表帧同时满足整图、目标区域和框IoU阈值
train/images/nozzle_no_extrusion_0322.jpg,train/labels/nozzle_no_extrusion_0322.txt,val/images/nozzle_no_extrusion_0363.jpg,与质量更好的代表帧同时满足整图、目标区域和框IoU阈值
val/images/nozzle_no_extrusion_0248.jpg,val/labels/nozzle_no_extrusion_0248.txt,val/images/nozzle_no_extrusion_0363.jpg,与质量更好的代表帧同时满足整图、目标区域和框IoU阈值
val/images/nozzle_no_extrusion_0284.jpg,val/labels/nozzle_no_extrusion_0284.txt,val/images/nozzle_no_extrusion_0363.jpg,与质量更好的代表帧同时满足整图、目标区域和框IoU阈值
train/images/nozzle_no_extrusion_0647.jpg,train/labels/nozzle_no_extrusion_0647.txt,train/images/nozzle_no_extrusion_0657.jpg,与质量更好的代表帧同时满足整图、目标区域和框IoU阈值
val/images/nozzle_no_extrusion_0233.jpg,val/labels/nozzle_no_extrusion_0233.txt,train/images/nozzle_no_extrusion_0269.jpg,与质量更好的代表帧同时满足整图、目标区域和框IoU阈值
train/images/nozzle_no_extrusion_0262.jpg,train/labels/nozzle_no_extrusion_0262.txt,train/images/nozzle_no_extrusion_0378.jpg,与质量更好的代表帧同时满足整图、目标区域和框IoU阈值
train/images/nozzle_no_extrusion_0300.jpg,train/labels/nozzle_no_extrusion_0300.txt,train/images/nozzle_no_extrusion_0378.jpg,与质量更好的代表帧同时满足整图、目标区域和框IoU阈值
train/images/nozzle_no_extrusion_0341.jpg,train/labels/nozzle_no_extrusion_0341.txt,train/images/nozzle_no_extrusion_0378.jpg,与质量更好的代表帧同时满足整图、目标区域和框IoU阈值
test/images/nozzle_no_extrusion_0368.jpg,test/labels/nozzle_no_extrusion_0368.txt,train/images/nozzle_no_extrusion_0331.jpg,与质量更好的代表帧同时满足整图、目标区域和框IoU阈值
train/images/nozzle_no_extrusion_0290.jpg,train/labels/nozzle_no_extrusion_0290.txt,train/images/nozzle_no_extrusion_0331.jpg,与质量更好的代表帧同时满足整图、目标区域和框IoU阈值
val/images/nozzle_no_extrusion_0253.jpg,val/labels/nozzle_no_extrusion_0253.txt,train/images/nozzle_no_extrusion_0331.jpg,与质量更好的代表帧同时满足整图、目标区域和框IoU阈值
train/images/nozzle_no_extrusion_0336.jpg,train/labels/nozzle_no_extrusion_0336.txt,test/images/nozzle_no_extrusion_0373.jpg,与质量更好的代表帧同时满足整图、目标区域和框IoU阈值
test/images/nozzle_no_extrusion_0250.jpg,test/labels/nozzle_no_extrusion_0250.txt,train/images/nozzle_no_extrusion_0365.jpg,与质量更好的代表帧同时满足整图、目标区域和框IoU阈值
train/images/nozzle_no_extrusion_0247.jpg,train/labels/nozzle_no_extrusion_0247.txt,train/images/nozzle_no_extrusion_0283.jpg,与质量更好的代表帧同时满足整图、目标区域和框IoU阈值
train/images/nozzle_no_extrusion_0321.jpg,train/labels/nozzle_no_extrusion_0321.txt,train/images/nozzle_no_extrusion_0283.jpg,与质量更好的代表帧同时满足整图、目标区域和框IoU阈值
train/images/nozzle_no_extrusion_0362.jpg,train/labels/nozzle_no_extrusion_0362.txt,train/images/nozzle_no_extrusion_0283.jpg,与质量更好的代表帧同时满足整图、目标区域和框IoU阈值
test/images/nozzle_no_extrusion_0527.jpg,test/labels/nozzle_no_extrusion_0527.txt,train/images/nozzle_no_extrusion_0521.jpg,与质量更好的代表帧同时满足整图、目标区域和框IoU阈值
test/images/nozzle_no_extrusion_0712.jpg,test/labels/nozzle_no_extrusion_0712.txt,train/images/nozzle_no_extrusion_0705.jpg,与质量更好的代表帧同时满足整图、目标区域和框IoU阈值
test/images/nozzle_no_extrusion_0507.jpg,test/labels/nozzle_no_extrusion_0507.txt,train/images/nozzle_no_extrusion_0496.jpg,与质量更好的代表帧同时满足整图、目标区域和框IoU阈值
train/images/nozzle_no_extrusion_0642.jpg,train/labels/nozzle_no_extrusion_0642.txt,test/images/nozzle_no_extrusion_0640.jpg,与质量更好的代表帧同时满足整图、目标区域和框IoU阈值
test/images/nozzle_no_extrusion_0644.jpg,test/labels/nozzle_no_extrusion_0644.txt,val/images/nozzle_no_extrusion_0638.jpg,与质量更好的代表帧同时满足整图、目标区域和框IoU阈值
test/images/nozzle_no_extrusion_0653.jpg,test/labels/nozzle_no_extrusion_0653.txt,train/images/nozzle_no_extrusion_0651.jpg,与质量更好的代表帧同时满足整图、目标区域和框IoU阈值
train/images/nozzle_no_extrusion_0845.jpg,train/labels/nozzle_no_extrusion_0845.txt,test/images/nozzle_no_extrusion_0838.jpg,与质量更好的代表帧同时满足整图、目标区域和框IoU阈值
val/images/nozzle_no_extrusion_0506.jpg,val/labels/nozzle_no_extrusion_0506.txt,train/images/nozzle_no_extrusion_0497.jpg,与质量更好的代表帧同时满足整图、目标区域和框IoU阈值
val/images/nozzle_no_extrusion_0516.jpg,val/labels/nozzle_no_extrusion_0516.txt,train/images/nozzle_no_extrusion_0510.jpg,与质量更好的代表帧同时满足整图、目标区域和框IoU阈值
val/images/nozzle_no_extrusion_0623.jpg,val/labels/nozzle_no_extrusion_0623.txt,train/images/nozzle_no_extrusion_0616.jpg,与质量更好的代表帧同时满足整图、目标区域和框IoU阈值
