图片,原划分,新划分,新图片
test/images/nozzle_no_extrusion_0195.jpg,test,train,train/images/nozzle_no_extrusion_0195.jpg
test/images/nozzle_no_extrusion_0196.jpg,test,train,train/images/nozzle_no_extrusion_0196.jpg
test/images/nozzle_no_extrusion_0204.jpg,test,train,train/images/nozzle_no_extrusion_0204.jpg
test/images/nozzle_no_extrusion_0246.jpg,test,train,train/images/nozzle_no_extrusion_0246.jpg
test/images/nozzle_no_extrusion_0309.jpg,test,train,train/images/nozzle_no_extrusion_0309.jpg
test/images/nozzle_no_extrusion_0319.jpg,test,train,train/images/nozzle_no_extrusion_0319.jpg
val/images/nozzle_no_extrusion_0201.jpg,val,train,train/images/nozzle_no_extrusion_0201.jpg
val/images/nozzle_no_extrusion_0236.jpg,val,train,train/images/nozzle_no_extrusion_0236.jpg
val/images/nozzle_no_extrusion_0240.jpg,val,train,train/images/nozzle_no_extrusion_0240.jpg
val/images/nozzle_no_extrusion_0271.jpg,val,train,train/images/nozzle_no_extrusion_0271.jpg
val/images/nozzle_no_extrusion_0316.jpg,val,train,train/images/nozzle_no_extrusion_0316.jpg
val/images/nozzle_no_extrusion_0351.jpg,val,train,train/images/nozzle_no_extrusion_0351.jpg
val/images/nozzle_no_extrusion_0355.jpg,val,train,train/images/nozzle_no_extrusion_0355.jpg
test/images/nozzle_extrusion_normal_0907.jpg,test,train,train/images/nozzle_extrusion_normal_0907.jpg
test/images/nozzle_extrusion_normal_0964.jpg,test,train,train/images/nozzle_extrusion_normal_0964.jpg
test/images/nozzle_extrusion_normal_0986.jpg,test,train,train/images/nozzle_extrusion_normal_0986.jpg
test/images/nozzle_extrusion_normal_1005.jpg,test,train,train/images/nozzle_extrusion_normal_1005.jpg
test/images/nozzle_extrusion_normal_1033.jpg,test,train,train/images/nozzle_extrusion_normal_1033.jpg
test/images/nozzle_extrusion_normal_1068.jpg,test,train,train/images/nozzle_extrusion_normal_1068.jpg
test/images/nozzle_extrusion_normal_1069.jpg,test,train,train/images/nozzle_extrusion_normal_1069.jpg
test/images/nozzle_extrusion_normal_1077.jpg,test,train,train/images/nozzle_extrusion_normal_1077.jpg
test/images/nozzle_extrusion_normal_1099.jpg,test,train,train/images/nozzle_extrusion_normal_1099.jpg
test/images/nozzle_extrusion_normal_1115.jpg,test,train,train/images/nozzle_extrusion_normal_1115.jpg
test/images/nozzle_extrusion_normal_1123.jpg,test,train,train/images/nozzle_extrusion_normal_1123.jpg
test/images/nozzle_extrusion_normal_1138.jpg,test,train,train/images/nozzle_extrusion_normal_1138.jpg
test/images/nozzle_extrusion_normal_1215.jpg,test,train,train/images/nozzle_extrusion_normal_1215.jpg
test/images/nozzle_extrusion_normal_1216.jpg,test,train,train/images/nozzle_extrusion_normal_1216.jpg
val/images/nozzle_extrusion_normal_0944.jpg,val,train,train/images/nozzle_extrusion_normal_0944.jpg
val/images/nozzle_extrusion_normal_1006.jpg,val,train,train/images/nozzle_extrusion_normal_1006.jpg
val/images/nozzle_extrusion_normal_1013.jpg,val,train,train/images/nozzle_extrusion_normal_1013.jpg
val/images/nozzle_extrusion_normal_1055.jpg,val,train,train/images/nozzle_extrusion_normal_1055.jpg
val/images/nozzle_extrusion_normal_1113.jpg,val,train,train/images/nozzle_extrusion_normal_1113.jpg
val/images/nozzle_extrusion_normal_1163.jpg,val,train,train/images/nozzle_extrusion_normal_1163.jpg
test/images/nozzle_no_extrusion_0221.jpg,test,train,train/images/nozzle_no_extrusion_0221.jpg
test/images/nozzle_no_extrusion_0229.jpg,test,train,train/images/nozzle_no_extrusion_0229.jpg
test/images/nozzle_no_extrusion_0259.jpg,test,train,train/images/nozzle_no_extrusion_0259.jpg
test/images/nozzle_no_extrusion_0261.jpg,test,train,train/images/nozzle_no_extrusion_0261.jpg
test/images/nozzle_no_extrusion_0297.jpg,test,train,train/images/nozzle_no_extrusion_0297.jpg
val/images/nozzle_no_extrusion_0181.jpg,val,train,train/images/nozzle_no_extrusion_0181.jpg
val/images/nozzle_no_extrusion_0222.jpg,val,train,train/images/nozzle_no_extrusion_0222.jpg
val/images/nozzle_no_extrusion_0382.jpg,val,train,train/images/nozzle_no_extrusion_0382.jpg
test/images/nozzle_no_extrusion_0285.jpg,test,train,train/images/nozzle_no_extrusion_0285.jpg
test/images/nozzle_no_extrusion_0384.jpg,test,train,train/images/nozzle_no_extrusion_0384.jpg
test/images/nozzle_no_extrusion_0442.jpg,test,train,train/images/nozzle_no_extrusion_0442.jpg
test/images/nozzle_no_extrusion_0455.jpg,test,train,train/images/nozzle_no_extrusion_0455.jpg
test/images/nozzle_no_extrusion_0575.jpg,test,train,train/images/nozzle_no_extrusion_0575.jpg
test/images/nozzle_no_extrusion_0595.jpg,test,train,train/images/nozzle_no_extrusion_0595.jpg
test/images/nozzle_no_extrusion_0603.jpg,test,train,train/images/nozzle_no_extrusion_0603.jpg
val/images/nozzle_no_extrusion_0210.jpg,val,train,train/images/nozzle_no_extrusion_0210.jpg
val/images/nozzle_no_extrusion_0565.jpg,val,train,train/images/nozzle_no_extrusion_0565.jpg
test/images/nozzle_no_extrusion_0159.jpg,test,train,train/images/nozzle_no_extrusion_0159.jpg
test/images/nozzle_no_extrusion_0907.jpg,test,train,train/images/nozzle_no_extrusion_0907.jpg
val/images/nozzle_no_extrusion_0152.jpg,val,train,train/images/nozzle_no_extrusion_0152.jpg
val/images/nozzle_no_extrusion_0155.jpg,val,train,train/images/nozzle_no_extrusion_0155.jpg
val/images/nozzle_no_extrusion_0157.jpg,val,train,train/images/nozzle_no_extrusion_0157.jpg
val/images/nozzle_no_extrusion_0904.jpg,val,train,train/images/nozzle_no_extrusion_0904.jpg
val/images/nozzle_no_extrusion_0908.jpg,val,train,train/images/nozzle_no_extrusion_0908.jpg
test/images/nozzle_no_extrusion_0179.jpg,test,train,train/images/nozzle_no_extrusion_0179.jpg
test/images/nozzle_no_extrusion_0217.jpg,test,train,train/images/nozzle_no_extrusion_0217.jpg
test/images/nozzle_no_extrusion_0252.jpg,test,train,train/images/nozzle_no_extrusion_0252.jpg
test/images/nozzle_no_extrusion_0293.jpg,test,train,train/images/nozzle_no_extrusion_0293.jpg
test/images/nozzle_no_extrusion_0327.jpg,test,train,train/images/nozzle_no_extrusion_0327.jpg
val/images/nozzle_no_extrusion_0366.jpg,val,train,train/images/nozzle_no_extrusion_0366.jpg
val/images/nozzle_no_extrusion_0367.jpg,val,train,train/images/nozzle_no_extrusion_0367.jpg
test/images/nozzle_no_extrusion_0471.jpg,test,train,train/images/nozzle_no_extrusion_0471.jpg
test/images/nozzle_no_extrusion_0480.jpg,test,train,train/images/nozzle_no_extrusion_0480.jpg
test/images/nozzle_no_extrusion_0614.jpg,test,train,train/images/nozzle_no_extrusion_0614.jpg
val/images/nozzle_no_extrusion_0192.jpg,val,train,train/images/nozzle_no_extrusion_0192.jpg
val/images/nozzle_no_extrusion_0483.jpg,val,train,train/images/nozzle_no_extrusion_0483.jpg
val/images/nozzle_no_extrusion_0494.jpg,val,train,train/images/nozzle_no_extrusion_0494.jpg
test/images/nozzle_extrusion_normal_0374.jpg,test,train,train/images/nozzle_extrusion_normal_0374.jpg
test/images/nozzle_extrusion_normal_0453.jpg,test,train,train/images/nozzle_extrusion_normal_0453.jpg
test/images/nozzle_extrusion_normal_0582.jpg,test,train,train/images/nozzle_extrusion_normal_0582.jpg
val/images/nozzle_extrusion_normal_0304.jpg,val,train,train/images/nozzle_extrusion_normal_0304.jpg
val/images/nozzle_extrusion_normal_0305.jpg,val,train,train/images/nozzle_extrusion_normal_0305.jpg
val/images/nozzle_extrusion_normal_0338.jpg,val,train,train/images/nozzle_extrusion_normal_0338.jpg
test/images/nozzle_no_extrusion_0088.jpg,test,train,train/images/nozzle_no_extrusion_0088.jpg
val/images/nozzle_no_extrusion_0023.jpg,val,train,train/images/nozzle_no_extrusion_0023.jpg
val/images/nozzle_no_extrusion_0036.jpg,val,train,train/images/nozzle_no_extrusion_0036.jpg
val/images/nozzle_no_extrusion_0077.jpg,val,train,train/images/nozzle_no_extrusion_0077.jpg
val/images/nozzle_no_extrusion_0078.jpg,val,train,train/images/nozzle_no_extrusion_0078.jpg
val/images/nozzle_no_extrusion_0090.jpg,val,train,train/images/nozzle_no_extrusion_0090.jpg
test/images/nozzle_tip_wrapped_0293.jpg,test,train,train/images/nozzle_tip_wrapped_0293.jpg
test/images/nozzle_tip_wrapped_0297.jpg,test,train,train/images/nozzle_tip_wrapped_0297.jpg
test/images/nozzle_tip_wrapped_0304.jpg,test,train,train/images/nozzle_tip_wrapped_0304.jpg
val/images/nozzle_tip_wrapped_0302.jpg,val,train,train/images/nozzle_tip_wrapped_0302.jpg
test/images/nozzle_no_extrusion_0212.jpg,test,train,train/images/nozzle_no_extrusion_0212.jpg
test/images/nozzle_no_extrusion_0326.jpg,test,train,train/images/nozzle_no_extrusion_0326.jpg
test/images/nozzle_no_extrusion_0371.jpg,test,train,train/images/nozzle_no_extrusion_0371.jpg
val/images/nozzle_no_extrusion_0295.jpg,val,train,train/images/nozzle_no_extrusion_0295.jpg
test/images/nozzle_no_extrusion_0005.jpg,test,train,train/images/nozzle_no_extrusion_0005.jpg
test/images/nozzle_no_extrusion_0018.jpg,test,train,train/images/nozzle_no_extrusion_0018.jpg
test/images/nozzle_no_extrusion_0062.jpg,test,train,train/images/nozzle_no_extrusion_0062.jpg
test/images/nozzle_no_extrusion_0073.jpg,test,train,train/images/nozzle_no_extrusion_0073.jpg
val/images/nozzle_no_extrusion_0061.jpg,val,train,train/images/nozzle_no_extrusion_0061.jpg
test/images/nozzle_tip_wrapped_0050.jpg,test,train,train/images/nozzle_tip_wrapped_0050.jpg
test/images/nozzle_tip_wrapped_0052.jpg,test,train,train/images/nozzle_tip_wrapped_0052.jpg
test/images/nozzle_tip_wrapped_0054.jpg,test,train,train/images/nozzle_tip_wrapped_0054.jpg
val/images/nozzle_tip_wrapped_0048.jpg,val,train,train/images/nozzle_tip_wrapped_0048.jpg
val/images/nozzle_tip_wrapped_0051.jpg,val,train,train/images/nozzle_tip_wrapped_0051.jpg
test/images/nozzle_extrusion_normal_0937.jpg,test,train,train/images/nozzle_extrusion_normal_0937.jpg
val/images/nozzle_extrusion_normal_0938.jpg,val,train,train/images/nozzle_extrusion_normal_0938.jpg
val/images/nozzle_extrusion_normal_0998.jpg,val,train,train/images/nozzle_extrusion_normal_0998.jpg
test/images/nozzle_no_extrusion_0613.jpg,test,train,train/images/nozzle_no_extrusion_0613.jpg
val/images/nozzle_no_extrusion_0363.jpg,val,train,train/images/nozzle_no_extrusion_0363.jpg
val/images/nozzle_no_extrusion_0423.jpg,val,train,train/images/nozzle_no_extrusion_0423.jpg
val/images/nozzle_no_extrusion_0548.jpg,val,train,train/images/nozzle_no_extrusion_0548.jpg
val/images/nozzle_no_extrusion_0835.jpg,val,train,train/images/nozzle_no_extrusion_0835.jpg
test/images/nozzle_extrusion_normal_1125.jpg,test,train,train/images/nozzle_extrusion_normal_1125.jpg
test/images/nozzle_extrusion_normal_1202.jpg,test,train,train/images/nozzle_extrusion_normal_1202.jpg
val/images/nozzle_extrusion_normal_1285.jpg,val,train,train/images/nozzle_extrusion_normal_1285.jpg
test/images/nozzle_no_extrusion_0348.jpg,test,train,train/images/nozzle_no_extrusion_0348.jpg
test/images/nozzle_no_extrusion_0885.jpg,test,train,train/images/nozzle_no_extrusion_0885.jpg
val/images/nozzle_no_extrusion_0872.jpg,val,train,train/images/nozzle_no_extrusion_0872.jpg
val/images/nozzle_extrusion_normal_1096.jpg,val,train,train/images/nozzle_extrusion_normal_1096.jpg
test/images/nozzle_extrusion_normal_1028.jpg,test,train,train/images/nozzle_extrusion_normal_1028.jpg
test/images/nozzle_tip_wrapped_0103.jpg,test,train,train/images/nozzle_tip_wrapped_0103.jpg
test/images/nozzle_tip_wrapped_0106.jpg,test,train,train/images/nozzle_tip_wrapped_0106.jpg
test/images/nozzle_extrusion_normal_0368.jpg,test,train,train/images/nozzle_extrusion_normal_0368.jpg
test/images/nozzle_extrusion_normal_0431.jpg,test,train,train/images/nozzle_extrusion_normal_0431.jpg
val/images/nozzle_extrusion_normal_0351.jpg,val,train,train/images/nozzle_extrusion_normal_0351.jpg
val/images/nozzle_extrusion_normal_0598.jpg,val,train,train/images/nozzle_extrusion_normal_0598.jpg
test/images/nozzle_no_extrusion_0010.jpg,test,train,train/images/nozzle_no_extrusion_0010.jpg
val/images/nozzle_no_extrusion_0012.jpg,val,train,train/images/nozzle_no_extrusion_0012.jpg
val/images/nozzle_no_extrusion_0069.jpg,val,train,train/images/nozzle_no_extrusion_0069.jpg
test/images/nozzle_tip_wrapped_0223.jpg,test,train,train/images/nozzle_tip_wrapped_0223.jpg
test/images/nozzle_tip_wrapped_0229.jpg,test,train,train/images/nozzle_tip_wrapped_0229.jpg
val/images/nozzle_tip_wrapped_0225.jpg,val,train,train/images/nozzle_tip_wrapped_0225.jpg
test/images/nozzle_tip_wrapped_0269.jpg,test,train,train/images/nozzle_tip_wrapped_0269.jpg
test/images/nozzle_tip_wrapped_0270.jpg,test,train,train/images/nozzle_tip_wrapped_0270.jpg
test/images/nozzle_extrusion_normal_0314.jpg,test,train,train/images/nozzle_extrusion_normal_0314.jpg
test/images/nozzle_extrusion_normal_0386.jpg,test,train,train/images/nozzle_extrusion_normal_0386.jpg
val/images/nozzle_extrusion_normal_0466.jpg,val,train,train/images/nozzle_extrusion_normal_0466.jpg
test/images/nozzle_extrusion_normal_0327.jpg,test,train,train/images/nozzle_extrusion_normal_0327.jpg
val/images/nozzle_extrusion_normal_0403.jpg,val,train,train/images/nozzle_extrusion_normal_0403.jpg
test/images/nozzle_extrusion_normal_0469.jpg,test,train,train/images/nozzle_extrusion_normal_0469.jpg
test/images/nozzle_extrusion_normal_1076.jpg,test,train,train/images/nozzle_extrusion_normal_1076.jpg
val/images/nozzle_extrusion_normal_0950.jpg,val,train,train/images/nozzle_extrusion_normal_0950.jpg
val/images/nozzle_extrusion_normal_0971.jpg,val,train,train/images/nozzle_extrusion_normal_0971.jpg
test/images/nozzle_no_extrusion_0185.jpg,test,train,train/images/nozzle_no_extrusion_0185.jpg
train/images/nozzle_no_extrusion_0175.jpg,train,val,val/images/nozzle_no_extrusion_0175.jpg
train/images/nozzle_no_extrusion_0176.jpg,train,val,val/images/nozzle_no_extrusion_0176.jpg
train/images/nozzle_no_extrusion_0331.jpg,train,val,val/images/nozzle_no_extrusion_0331.jpg
test/images/nozzle_no_extrusion_0373.jpg,test,train,train/images/nozzle_no_extrusion_0373.jpg
test/images/nozzle_tip_wrapped_0083.jpg,test,train,train/images/nozzle_tip_wrapped_0083.jpg
test/images/nozzle_tip_wrapped_0084.jpg,test,train,train/images/nozzle_tip_wrapped_0084.jpg
test/images/nozzle_extrusion_normal_0746.jpg,test,train,train/images/nozzle_extrusion_normal_0746.jpg
test/images/nozzle_extrusion_normal_0862.jpg,test,train,train/images/nozzle_extrusion_normal_0862.jpg
test/images/nozzle_extrusion_normal_0901.jpg,test,train,train/images/nozzle_extrusion_normal_0901.jpg
test/images/nozzle_extrusion_normal_0883.jpg,test,train,train/images/nozzle_extrusion_normal_0883.jpg
test/images/nozzle_extrusion_normal_0982.jpg,test,train,train/images/nozzle_extrusion_normal_0982.jpg
val/images/nozzle_extrusion_normal_0941.jpg,val,train,train/images/nozzle_extrusion_normal_0941.jpg
val/images/nozzle_extrusion_normal_0961.jpg,val,train,train/images/nozzle_extrusion_normal_0961.jpg
test/images/nozzle_extrusion_normal_0919.jpg,test,train,train/images/nozzle_extrusion_normal_0919.jpg
test/images/nozzle_extrusion_normal_0955.jpg,test,train,train/images/nozzle_extrusion_normal_0955.jpg
val/images/nozzle_extrusion_normal_0997.jpg,val,train,train/images/nozzle_extrusion_normal_0997.jpg
val/images/nozzle_no_extrusion_0286.jpg,val,train,train/images/nozzle_no_extrusion_0286.jpg
test/images/nozzle_tip_wrapped_0071.jpg,test,train,train/images/nozzle_tip_wrapped_0071.jpg
val/images/nozzle_tip_wrapped_0067.jpg,val,train,train/images/nozzle_tip_wrapped_0067.jpg
test/images/nozzle_tip_wrapped_0192.jpg,test,train,train/images/nozzle_tip_wrapped_0192.jpg
val/images/nozzle_tip_wrapped_0180.jpg,val,train,train/images/nozzle_tip_wrapped_0180.jpg
test/images/nozzle_tip_wrapped_0452.jpg,test,train,train/images/nozzle_tip_wrapped_0452.jpg
val/images/nozzle_extrusion_normal_0296.jpg,val,train,train/images/nozzle_extrusion_normal_0296.jpg
val/images/nozzle_extrusion_normal_0329.jpg,val,train,train/images/nozzle_extrusion_normal_0329.jpg
val/images/nozzle_no_extrusion_0208.jpg,val,train,train/images/nozzle_no_extrusion_0208.jpg
test/images/nozzle_extrusion_normal_0137.jpg,test,train,train/images/nozzle_extrusion_normal_0137.jpg
test/images/nozzle_extrusion_normal_0178.jpg,test,train,train/images/nozzle_extrusion_normal_0178.jpg
val/images/nozzle_extrusion_normal_0203.jpg,val,train,train/images/nozzle_extrusion_normal_0203.jpg
test/images/nozzle_extrusion_normal_0487.jpg,test,train,train/images/nozzle_extrusion_normal_0487.jpg
val/images/nozzle_extrusion_normal_0367.jpg,val,train,train/images/nozzle_extrusion_normal_0367.jpg
val/images/nozzle_extrusion_normal_0407.jpg,val,train,train/images/nozzle_extrusion_normal_0407.jpg
test/images/nozzle_extrusion_normal_0529.jpg,test,train,train/images/nozzle_extrusion_normal_0529.jpg
val/images/nozzle_extrusion_normal_0445.jpg,val,train,train/images/nozzle_extrusion_normal_0445.jpg
test/images/nozzle_extrusion_normal_0795.jpg,test,train,train/images/nozzle_extrusion_normal_0795.jpg
test/images/nozzle_extrusion_normal_0812.jpg,test,train,train/images/nozzle_extrusion_normal_0812.jpg
val/images/nozzle_extrusion_normal_0780.jpg,val,train,train/images/nozzle_extrusion_normal_0780.jpg
test/images/nozzle_extrusion_normal_0825.jpg,test,train,train/images/nozzle_extrusion_normal_0825.jpg
val/images/nozzle_extrusion_normal_0843.jpg,val,train,train/images/nozzle_extrusion_normal_0843.jpg
test/images/nozzle_extrusion_normal_0863.jpg,test,train,train/images/nozzle_extrusion_normal_0863.jpg
test/images/nozzle_extrusion_normal_0945.jpg,test,train,train/images/nozzle_extrusion_normal_0945.jpg
val/images/nozzle_extrusion_normal_0908.jpg,val,train,train/images/nozzle_extrusion_normal_0908.jpg
test/images/nozzle_extrusion_normal_1038.jpg,test,train,train/images/nozzle_extrusion_normal_1038.jpg
test/images/nozzle_extrusion_normal_1040.jpg,test,train,train/images/nozzle_extrusion_normal_1040.jpg
test/images/nozzle_extrusion_normal_1095.jpg,test,train,train/images/nozzle_extrusion_normal_1095.jpg
test/images/nozzle_extrusion_normal_1165.jpg,test,train,train/images/nozzle_extrusion_normal_1165.jpg
val/images/nozzle_extrusion_normal_1117.jpg,val,train,train/images/nozzle_extrusion_normal_1117.jpg
test/images/nozzle_no_extrusion_0065.jpg,test,train,train/images/nozzle_no_extrusion_0065.jpg
test/images/nozzle_no_extrusion_0082.jpg,test,train,train/images/nozzle_no_extrusion_0082.jpg
test/images/nozzle_tip_wrapped_0074.jpg,test,train,train/images/nozzle_tip_wrapped_0074.jpg
test/images/nozzle_tip_wrapped_0080.jpg,test,train,train/images/nozzle_tip_wrapped_0080.jpg
val/images/nozzle_tip_wrapped_0079.jpg,val,train,train/images/nozzle_tip_wrapped_0079.jpg
test/images/nozzle_tip_wrapped_0087.jpg,test,val,val/images/nozzle_tip_wrapped_0087.jpg
train/images/nozzle_tip_wrapped_0088.jpg,train,val,val/images/nozzle_tip_wrapped_0088.jpg
train/images/nozzle_tip_wrapped_0089.jpg,train,val,val/images/nozzle_tip_wrapped_0089.jpg
train/images/nozzle_tip_wrapped_0090.jpg,train,val,val/images/nozzle_tip_wrapped_0090.jpg
test/images/nozzle_tip_wrapped_0169.jpg,test,val,val/images/nozzle_tip_wrapped_0169.jpg
train/images/nozzle_tip_wrapped_0166.jpg,train,val,val/images/nozzle_tip_wrapped_0166.jpg
train/images/nozzle_tip_wrapped_0168.jpg,train,val,val/images/nozzle_tip_wrapped_0168.jpg
train/images/nozzle_tip_wrapped_0170.jpg,train,val,val/images/nozzle_tip_wrapped_0170.jpg
test/images/nozzle_tip_wrapped_0207.jpg,test,val,val/images/nozzle_tip_wrapped_0207.jpg
train/images/nozzle_tip_wrapped_0208.jpg,train,val,val/images/nozzle_tip_wrapped_0208.jpg
train/images/nozzle_tip_wrapped_0211.jpg,train,val,val/images/nozzle_tip_wrapped_0211.jpg
test/images/nozzle_tip_wrapped_0240.jpg,test,val,val/images/nozzle_tip_wrapped_0240.jpg
train/images/nozzle_tip_wrapped_0238.jpg,train,val,val/images/nozzle_tip_wrapped_0238.jpg
train/images/nozzle_tip_wrapped_0239.jpg,train,val,val/images/nozzle_tip_wrapped_0239.jpg
val/images/nozzle_extrusion_normal_0324.jpg,val,train,train/images/nozzle_extrusion_normal_0324.jpg
val/images/nozzle_extrusion_normal_0397.jpg,val,train,train/images/nozzle_extrusion_normal_0397.jpg
val/images/nozzle_extrusion_normal_0444.jpg,val,train,train/images/nozzle_extrusion_normal_0444.jpg
val/images/nozzle_extrusion_normal_0816.jpg,val,train,train/images/nozzle_extrusion_normal_0816.jpg
val/images/nozzle_extrusion_normal_0967.jpg,val,train,train/images/nozzle_extrusion_normal_0967.jpg
val/images/nozzle_extrusion_normal_1039.jpg,val,train,train/images/nozzle_extrusion_normal_1039.jpg
val/images/nozzle_extrusion_normal_1062.jpg,val,train,train/images/nozzle_extrusion_normal_1062.jpg
val/images/nozzle_extrusion_normal_1083.jpg,val,train,train/images/nozzle_extrusion_normal_1083.jpg
val/images/nozzle_no_extrusion_0083.jpg,val,train,train/images/nozzle_no_extrusion_0083.jpg
val/images/nozzle_no_extrusion_0026.jpg,val,train,train/images/nozzle_no_extrusion_0026.jpg
train/images/nozzle_tip_wrapped_0475.jpg,train,val,val/images/nozzle_tip_wrapped_0475.jpg
train/images/nozzle_tip_wrapped_0476.jpg,train,val,val/images/nozzle_tip_wrapped_0476.jpg
train/images/nozzle_tip_wrapped_0478.jpg,train,val,val/images/nozzle_tip_wrapped_0478.jpg
test/images/nozzle_extrusion_normal_0179.jpg,test,val,val/images/nozzle_extrusion_normal_0179.jpg
train/images/nozzle_extrusion_normal_0116.jpg,train,val,val/images/nozzle_extrusion_normal_0116.jpg
train/images/nozzle_extrusion_normal_0136.jpg,train,val,val/images/nozzle_extrusion_normal_0136.jpg
test/images/nozzle_extrusion_normal_0185.jpg,test,val,val/images/nozzle_extrusion_normal_0185.jpg
train/images/nozzle_extrusion_normal_0184.jpg,train,val,val/images/nozzle_extrusion_normal_0184.jpg
test/images/nozzle_extrusion_normal_0221.jpg,test,val,val/images/nozzle_extrusion_normal_0221.jpg
train/images/nozzle_extrusion_normal_0220.jpg,train,val,val/images/nozzle_extrusion_normal_0220.jpg
test/images/nozzle_extrusion_normal_0300.jpg,test,val,val/images/nozzle_extrusion_normal_0300.jpg
train/images/nozzle_extrusion_normal_0269.jpg,train,val,val/images/nozzle_extrusion_normal_0269.jpg
test/images/nozzle_extrusion_normal_0330.jpg,test,val,val/images/nozzle_extrusion_normal_0330.jpg
train/images/nozzle_extrusion_normal_0366.jpg,train,val,val/images/nozzle_extrusion_normal_0366.jpg
train/images/nozzle_extrusion_normal_0406.jpg,train,val,val/images/nozzle_extrusion_normal_0406.jpg
test/images/nozzle_extrusion_normal_0347.jpg,test,val,val/images/nozzle_extrusion_normal_0347.jpg
train/images/nozzle_extrusion_normal_0282.jpg,train,val,val/images/nozzle_extrusion_normal_0282.jpg
train/images/nozzle_extrusion_normal_0313.jpg,train,val,val/images/nozzle_extrusion_normal_0313.jpg
test/images/nozzle_extrusion_normal_0371.jpg,test,val,val/images/nozzle_extrusion_normal_0371.jpg
test/images/nozzle_extrusion_normal_0411.jpg,test,val,val/images/nozzle_extrusion_normal_0411.jpg
train/images/nozzle_extrusion_normal_0335.jpg,train,val,val/images/nozzle_extrusion_normal_0335.jpg
test/images/nozzle_extrusion_normal_0389.jpg,test,val,val/images/nozzle_extrusion_normal_0389.jpg
train/images/nozzle_extrusion_normal_0511.jpg,train,val,val/images/nozzle_extrusion_normal_0511.jpg
test/images/nozzle_extrusion_normal_0399.jpg,test,val,val/images/nozzle_extrusion_normal_0399.jpg
train/images/nozzle_extrusion_normal_0359.jpg,train,val,val/images/nozzle_extrusion_normal_0359.jpg
test/images/nozzle_extrusion_normal_0410.jpg,test,val,val/images/nozzle_extrusion_normal_0410.jpg
train/images/nozzle_extrusion_normal_0370.jpg,train,val,val/images/nozzle_extrusion_normal_0370.jpg
train/images/nozzle_extrusion_normal_0449.jpg,train,val,val/images/nozzle_extrusion_normal_0449.jpg
test/images/nozzle_extrusion_normal_0420.jpg,test,val,val/images/nozzle_extrusion_normal_0420.jpg
train/images/nozzle_extrusion_normal_0459.jpg,train,val,val/images/nozzle_extrusion_normal_0459.jpg
train/images/nozzle_extrusion_normal_0500.jpg,train,val,val/images/nozzle_extrusion_normal_0500.jpg
test/images/nozzle_extrusion_normal_0433.jpg,test,val,val/images/nozzle_extrusion_normal_0433.jpg
train/images/nozzle_extrusion_normal_0354.jpg,train,val,val/images/nozzle_extrusion_normal_0354.jpg
test/images/nozzle_extrusion_normal_0519.jpg,test,val,val/images/nozzle_extrusion_normal_0519.jpg
train/images/nozzle_extrusion_normal_0561.jpg,train,val,val/images/nozzle_extrusion_normal_0561.jpg
train/images/nozzle_extrusion_normal_0604.jpg,train,val,val/images/nozzle_extrusion_normal_0604.jpg
test/images/nozzle_extrusion_normal_0743.jpg,test,val,val/images/nozzle_extrusion_normal_0743.jpg
train/images/nozzle_extrusion_normal_0729.jpg,train,val,val/images/nozzle_extrusion_normal_0729.jpg
test/images/nozzle_extrusion_normal_0943.jpg,test,val,val/images/nozzle_extrusion_normal_0943.jpg
test/images/nozzle_extrusion_normal_0984.jpg,test,val,val/images/nozzle_extrusion_normal_0984.jpg
train/images/nozzle_extrusion_normal_0963.jpg,train,val,val/images/nozzle_extrusion_normal_0963.jpg
test/images/nozzle_extrusion_normal_1089.jpg,test,val,val/images/nozzle_extrusion_normal_1089.jpg
test/images/nozzle_extrusion_normal_1136.jpg,test,val,val/images/nozzle_extrusion_normal_1136.jpg
train/images/nozzle_extrusion_normal_1045.jpg,train,val,val/images/nozzle_extrusion_normal_1045.jpg
test/images/nozzle_extrusion_normal_1178.jpg,test,val,val/images/nozzle_extrusion_normal_1178.jpg
train/images/nozzle_extrusion_normal_1152.jpg,train,val,val/images/nozzle_extrusion_normal_1152.jpg
train/images/nozzle_extrusion_normal_1205.jpg,train,val,val/images/nozzle_extrusion_normal_1205.jpg
test/images/nozzle_extrusion_normal_1415.jpg,test,val,val/images/nozzle_extrusion_normal_1415.jpg
train/images/nozzle_extrusion_normal_1437.jpg,train,val,val/images/nozzle_extrusion_normal_1437.jpg
train/images/nozzle_extrusion_normal_1457.jpg,train,val,val/images/nozzle_extrusion_normal_1457.jpg
test/images/nozzle_no_extrusion_0109.jpg,test,val,val/images/nozzle_no_extrusion_0109.jpg
train/images/nozzle_no_extrusion_0106.jpg,train,val,val/images/nozzle_no_extrusion_0106.jpg
train/images/nozzle_no_extrusion_0521.jpg,train,val,val/images/nozzle_no_extrusion_0521.jpg
train/images/nozzle_no_extrusion_0526.jpg,train,val,val/images/nozzle_no_extrusion_0526.jpg
test/images/nozzle_no_extrusion_0599.jpg,test,val,val/images/nozzle_no_extrusion_0599.jpg
train/images/nozzle_no_extrusion_0600.jpg,train,val,val/images/nozzle_no_extrusion_0600.jpg
test/images/nozzle_no_extrusion_0666.jpg,test,val,val/images/nozzle_no_extrusion_0666.jpg
train/images/nozzle_no_extrusion_0705.jpg,train,val,val/images/nozzle_no_extrusion_0705.jpg
train/images/nozzle_no_extrusion_0711.jpg,train,val,val/images/nozzle_no_extrusion_0711.jpg
test/images/nozzle_no_extrusion_0825.jpg,test,val,val/images/nozzle_no_extrusion_0825.jpg
train/images/nozzle_no_extrusion_0833.jpg,train,val,val/images/nozzle_no_extrusion_0833.jpg
test/images/nozzle_no_extrusion_0869.jpg,test,val,val/images/nozzle_no_extrusion_0869.jpg
train/images/nozzle_no_extrusion_0868.jpg,train,val,val/images/nozzle_no_extrusion_0868.jpg
test/images/nozzle_tip_wrapped_0059.jpg,test,train,train/images/nozzle_tip_wrapped_0059.jpg
test/images/nozzle_tip_wrapped_0177.jpg,test,val,val/images/nozzle_tip_wrapped_0177.jpg
train/images/nozzle_tip_wrapped_0171.jpg,train,val,val/images/nozzle_tip_wrapped_0171.jpg
test/images/nozzle_tip_wrapped_0316.jpg,test,val,val/images/nozzle_tip_wrapped_0316.jpg
train/images/nozzle_tip_wrapped_0314.jpg,train,val,val/images/nozzle_tip_wrapped_0314.jpg
train/images/nozzle_tip_wrapped_0315.jpg,train,val,val/images/nozzle_tip_wrapped_0315.jpg
test/images/nozzle_tip_wrapped_0443.jpg,test,val,val/images/nozzle_tip_wrapped_0443.jpg
test/images/nozzle_tip_wrapped_0497.jpg,test,val,val/images/nozzle_tip_wrapped_0497.jpg
train/images/nozzle_tip_wrapped_0496.jpg,train,val,val/images/nozzle_tip_wrapped_0496.jpg
train/images/nozzle_tip_wrapped_0498.jpg,train,val,val/images/nozzle_tip_wrapped_0498.jpg
test/images/nozzle_tip_wrapped_1082.jpg,test,val,val/images/nozzle_tip_wrapped_1082.jpg
train/images/nozzle_tip_wrapped_1069.jpg,train,val,val/images/nozzle_tip_wrapped_1069.jpg
train/images/nozzle_tip_wrapped_1094.jpg,train,val,val/images/nozzle_tip_wrapped_1094.jpg
test/images/nozzle_tip_wrapped_1083.jpg,test,val,val/images/nozzle_tip_wrapped_1083.jpg
train/images/nozzle_tip_wrapped_1070.jpg,train,val,val/images/nozzle_tip_wrapped_1070.jpg
train/images/nozzle_tip_wrapped_1095.jpg,train,val,val/images/nozzle_tip_wrapped_1095.jpg
train/images/nozzle_extrusion_normal_0032.jpg,train,val,val/images/nozzle_extrusion_normal_0032.jpg
train/images/nozzle_extrusion_normal_0038.jpg,train,val,val/images/nozzle_extrusion_normal_0038.jpg
train/images/nozzle_extrusion_normal_0037.jpg,train,val,val/images/nozzle_extrusion_normal_0037.jpg
train/images/nozzle_extrusion_normal_0041.jpg,train,val,val/images/nozzle_extrusion_normal_0041.jpg
train/images/nozzle_extrusion_normal_0097.jpg,train,val,val/images/nozzle_extrusion_normal_0097.jpg
train/images/nozzle_extrusion_normal_0115.jpg,train,val,val/images/nozzle_extrusion_normal_0115.jpg
train/images/nozzle_extrusion_normal_0777.jpg,train,val,val/images/nozzle_extrusion_normal_0777.jpg
train/images/nozzle_extrusion_normal_0793.jpg,train,val,val/images/nozzle_extrusion_normal_0793.jpg
train/images/nozzle_extrusion_normal_0891.jpg,train,val,val/images/nozzle_extrusion_normal_0891.jpg
train/images/nozzle_extrusion_normal_0931.jpg,train,val,val/images/nozzle_extrusion_normal_0931.jpg
train/images/nozzle_extrusion_normal_0939.jpg,train,val,val/images/nozzle_extrusion_normal_0939.jpg
train/images/nozzle_extrusion_normal_0959.jpg,train,val,val/images/nozzle_extrusion_normal_0959.jpg
train/images/nozzle_extrusion_normal_1151.jpg,train,val,val/images/nozzle_extrusion_normal_1151.jpg
train/images/nozzle_extrusion_normal_1177.jpg,train,val,val/images/nozzle_extrusion_normal_1177.jpg
train/images/nozzle_extrusion_normal_1183.jpg,train,val,val/images/nozzle_extrusion_normal_1183.jpg
train/images/nozzle_extrusion_normal_1211.jpg,train,val,val/images/nozzle_extrusion_normal_1211.jpg
train/images/nozzle_extrusion_normal_1197.jpg,train,val,val/images/nozzle_extrusion_normal_1197.jpg
train/images/nozzle_extrusion_normal_1226.jpg,train,val,val/images/nozzle_extrusion_normal_1226.jpg
train/images/nozzle_heavy_contamination_0011.jpg,train,test,test/images/nozzle_heavy_contamination_0011.jpg
train/images/nozzle_tip_wrapped_0038.jpg,train,test,test/images/nozzle_tip_wrapped_0038.jpg
val/images/nozzle_tip_wrapped_0037.jpg,val,test,test/images/nozzle_tip_wrapped_0037.jpg
train/images/nozzle_no_extrusion_0587.jpg,train,val,val/images/nozzle_no_extrusion_0587.jpg
train/images/nozzle_no_extrusion_0591.jpg,train,val,val/images/nozzle_no_extrusion_0591.jpg
train/images/nozzle_no_extrusion_0759.jpg,train,val,val/images/nozzle_no_extrusion_0759.jpg
train/images/nozzle_no_extrusion_0764.jpg,train,val,val/images/nozzle_no_extrusion_0764.jpg
train/images/nozzle_tip_wrapped_0110.jpg,train,test,test/images/nozzle_tip_wrapped_0110.jpg
train/images/nozzle_tip_wrapped_0111.jpg,train,test,test/images/nozzle_tip_wrapped_0111.jpg
val/images/nozzle_tip_wrapped_0109.jpg,val,test,test/images/nozzle_tip_wrapped_0109.jpg
train/images/nozzle_tip_wrapped_0319.jpg,train,test,test/images/nozzle_tip_wrapped_0319.jpg
train/images/nozzle_tip_wrapped_0320.jpg,train,test,test/images/nozzle_tip_wrapped_0320.jpg
val/images/nozzle_tip_wrapped_0318.jpg,val,test,test/images/nozzle_tip_wrapped_0318.jpg
train/images/nozzle_tip_wrapped_0409.jpg,train,test,test/images/nozzle_tip_wrapped_0409.jpg
train/images/nozzle_tip_wrapped_0410.jpg,train,test,test/images/nozzle_tip_wrapped_0410.jpg
val/images/nozzle_tip_wrapped_0408.jpg,val,test,test/images/nozzle_tip_wrapped_0408.jpg
train/images/nozzle_tip_wrapped_1062.jpg,train,test,test/images/nozzle_tip_wrapped_1062.jpg
train/images/nozzle_tip_wrapped_1075.jpg,train,test,test/images/nozzle_tip_wrapped_1075.jpg
val/images/nozzle_tip_wrapped_1088.jpg,val,test,test/images/nozzle_tip_wrapped_1088.jpg
test/images/nozzle_extrusion_normal_0099.jpg,test,val,val/images/nozzle_extrusion_normal_0099.jpg
train/images/nozzle_extrusion_normal_0081.jpg,train,val,val/images/nozzle_extrusion_normal_0081.jpg
test/images/nozzle_extrusion_normal_0210.jpg,test,val,val/images/nozzle_extrusion_normal_0210.jpg
test/images/nozzle_extrusion_normal_0333.jpg,test,val,val/images/nozzle_extrusion_normal_0333.jpg
train/images/nozzle_extrusion_normal_0299.jpg,train,val,val/images/nozzle_extrusion_normal_0299.jpg
test/images/nozzle_extrusion_normal_0352.jpg,test,val,val/images/nozzle_extrusion_normal_0352.jpg
train/images/nozzle_extrusion_normal_0392.jpg,train,val,val/images/nozzle_extrusion_normal_0392.jpg
test/images/nozzle_extrusion_normal_0427.jpg,test,val,val/images/nozzle_extrusion_normal_0427.jpg
train/images/nozzle_extrusion_normal_0467.jpg,train,val,val/images/nozzle_extrusion_normal_0467.jpg
test/images/nozzle_extrusion_normal_0532.jpg,test,val,val/images/nozzle_extrusion_normal_0532.jpg
train/images/nozzle_extrusion_normal_0575.jpg,train,val,val/images/nozzle_extrusion_normal_0575.jpg
test/images/nozzle_extrusion_normal_0654.jpg,test,val,val/images/nozzle_extrusion_normal_0654.jpg
train/images/nozzle_extrusion_normal_0697.jpg,train,val,val/images/nozzle_extrusion_normal_0697.jpg
test/images/nozzle_extrusion_normal_0735.jpg,test,val,val/images/nozzle_extrusion_normal_0735.jpg
train/images/nozzle_extrusion_normal_0722.jpg,train,val,val/images/nozzle_extrusion_normal_0722.jpg
test/images/nozzle_extrusion_normal_0842.jpg,test,val,val/images/nozzle_extrusion_normal_0842.jpg
train/images/nozzle_extrusion_normal_0824.jpg,train,val,val/images/nozzle_extrusion_normal_0824.jpg
test/images/nozzle_extrusion_normal_0864.jpg,test,val,val/images/nozzle_extrusion_normal_0864.jpg
train/images/nozzle_extrusion_normal_0847.jpg,train,val,val/images/nozzle_extrusion_normal_0847.jpg
test/images/nozzle_extrusion_normal_0870.jpg,test,val,val/images/nozzle_extrusion_normal_0870.jpg
train/images/nozzle_extrusion_normal_0853.jpg,train,val,val/images/nozzle_extrusion_normal_0853.jpg
test/images/nozzle_extrusion_normal_0973.jpg,test,val,val/images/nozzle_extrusion_normal_0973.jpg
train/images/nozzle_extrusion_normal_0952.jpg,train,val,val/images/nozzle_extrusion_normal_0952.jpg
test/images/nozzle_extrusion_normal_0999.jpg,test,val,val/images/nozzle_extrusion_normal_0999.jpg
train/images/nozzle_extrusion_normal_0978.jpg,train,val,val/images/nozzle_extrusion_normal_0978.jpg
test/images/nozzle_extrusion_normal_1084.jpg,test,val,val/images/nozzle_extrusion_normal_1084.jpg
train/images/nozzle_extrusion_normal_1061.jpg,train,val,val/images/nozzle_extrusion_normal_1061.jpg
test/images/nozzle_extrusion_normal_1218.jpg,test,val,val/images/nozzle_extrusion_normal_1218.jpg
test/images/nozzle_heavy_contamination_0005.jpg,test,val,val/images/nozzle_heavy_contamination_0005.jpg
train/images/nozzle_heavy_contamination_0003.jpg,train,val,val/images/nozzle_heavy_contamination_0003.jpg
test/images/nozzle_heavy_contamination_0018.jpg,test,val,val/images/nozzle_heavy_contamination_0018.jpg
train/images/nozzle_heavy_contamination_0019.jpg,train,val,val/images/nozzle_heavy_contamination_0019.jpg
test/images/nozzle_no_extrusion_0029.jpg,test,val,val/images/nozzle_no_extrusion_0029.jpg
train/images/nozzle_no_extrusion_0084.jpg,train,val,val/images/nozzle_no_extrusion_0084.jpg
test/images/nozzle_no_extrusion_0399.jpg,test,val,val/images/nozzle_no_extrusion_0399.jpg
train/images/nozzle_no_extrusion_0393.jpg,train,val,val/images/nozzle_no_extrusion_0393.jpg
test/images/nozzle_no_extrusion_0404.jpg,test,val,val/images/nozzle_no_extrusion_0404.jpg
train/images/nozzle_no_extrusion_0410.jpg,train,val,val/images/nozzle_no_extrusion_0410.jpg
test/images/nozzle_no_extrusion_0406.jpg,test,val,val/images/nozzle_no_extrusion_0406.jpg
train/images/nozzle_no_extrusion_0408.jpg,train,val,val/images/nozzle_no_extrusion_0408.jpg
test/images/nozzle_no_extrusion_0416.jpg,test,val,val/images/nozzle_no_extrusion_0416.jpg
train/images/nozzle_no_extrusion_0420.jpg,train,val,val/images/nozzle_no_extrusion_0420.jpg
test/images/nozzle_no_extrusion_0421.jpg,test,val,val/images/nozzle_no_extrusion_0421.jpg
train/images/nozzle_no_extrusion_0415.jpg,train,val,val/images/nozzle_no_extrusion_0415.jpg
test/images/nozzle_no_extrusion_0437.jpg,test,val,val/images/nozzle_no_extrusion_0437.jpg
train/images/nozzle_no_extrusion_0439.jpg,train,val,val/images/nozzle_no_extrusion_0439.jpg
test/images/nozzle_no_extrusion_0450.jpg,test,val,val/images/nozzle_no_extrusion_0450.jpg
train/images/nozzle_no_extrusion_0449.jpg,train,val,val/images/nozzle_no_extrusion_0449.jpg
test/images/nozzle_no_extrusion_0489.jpg,test,val,val/images/nozzle_no_extrusion_0489.jpg
train/images/nozzle_no_extrusion_0487.jpg,train,val,val/images/nozzle_no_extrusion_0487.jpg
train/images/nozzle_no_extrusion_0501.jpg,train,test,test/images/nozzle_no_extrusion_0501.jpg
train/images/nozzle_no_extrusion_0498.jpg,train,test,test/images/nozzle_no_extrusion_0498.jpg
train/images/nozzle_no_extrusion_0496.jpg,train,test,test/images/nozzle_no_extrusion_0496.jpg
train/images/nozzle_no_extrusion_0524.jpg,train,test,test/images/nozzle_no_extrusion_0524.jpg
train/images/nozzle_no_extrusion_0520.jpg,train,test,test/images/nozzle_no_extrusion_0520.jpg
train/images/nozzle_no_extrusion_0541.jpg,train,test,test/images/nozzle_no_extrusion_0541.jpg
train/images/nozzle_no_extrusion_0560.jpg,train,test,test/images/nozzle_no_extrusion_0560.jpg
train/images/nozzle_no_extrusion_0569.jpg,train,test,test/images/nozzle_no_extrusion_0569.jpg
val/images/nozzle_no_extrusion_0638.jpg,val,test,test/images/nozzle_no_extrusion_0638.jpg
val/images/nozzle_no_extrusion_0637.jpg,val,test,test/images/nozzle_no_extrusion_0637.jpg
train/images/nozzle_no_extrusion_0651.jpg,train,test,test/images/nozzle_no_extrusion_0651.jpg
train/images/nozzle_no_extrusion_0675.jpg,train,test,test/images/nozzle_no_extrusion_0675.jpg
val/images/nozzle_no_extrusion_0671.jpg,val,test,test/images/nozzle_no_extrusion_0671.jpg
val/images/nozzle_no_extrusion_0727.jpg,val,test,test/images/nozzle_no_extrusion_0727.jpg
train/images/nozzle_no_extrusion_0736.jpg,train,test,test/images/nozzle_no_extrusion_0736.jpg
train/images/nozzle_no_extrusion_0732.jpg,train,test,test/images/nozzle_no_extrusion_0732.jpg
val/images/nozzle_no_extrusion_0775.jpg,val,test,test/images/nozzle_no_extrusion_0775.jpg
train/images/nozzle_no_extrusion_0777.jpg,train,test,test/images/nozzle_no_extrusion_0777.jpg
train/images/nozzle_no_extrusion_0802.jpg,train,test,test/images/nozzle_no_extrusion_0802.jpg
train/images/nozzle_no_extrusion_0810.jpg,train,test,test/images/nozzle_no_extrusion_0810.jpg
train/images/nozzle_no_extrusion_0854.jpg,train,test,test/images/nozzle_no_extrusion_0854.jpg
train/images/nozzle_no_extrusion_0865.jpg,train,test,test/images/nozzle_no_extrusion_0865.jpg
train/images/nozzle_no_extrusion_0882.jpg,train,test,test/images/nozzle_no_extrusion_0882.jpg
train/images/nozzle_no_extrusion_0877.jpg,train,test,test/images/nozzle_no_extrusion_0877.jpg
val/images/nozzle_no_extrusion_0147.jpg,val,test,test/images/nozzle_no_extrusion_0147.jpg
train/images/nozzle_tip_wrapped_0099.jpg,train,test,test/images/nozzle_tip_wrapped_0099.jpg
train/images/nozzle_tip_wrapped_0187.jpg,train,test,test/images/nozzle_tip_wrapped_0187.jpg
train/images/nozzle_tip_wrapped_0236.jpg,train,test,test/images/nozzle_tip_wrapped_0236.jpg
train/images/nozzle_tip_wrapped_0347.jpg,train,test,test/images/nozzle_tip_wrapped_0347.jpg
train/images/nozzle_tip_wrapped_0403.jpg,train,test,test/images/nozzle_tip_wrapped_0403.jpg
train/images/nozzle_tip_wrapped_0445.jpg,train,test,test/images/nozzle_tip_wrapped_0445.jpg
val/images/nozzle_tip_wrapped_0505.jpg,val,test,test/images/nozzle_tip_wrapped_0505.jpg
train/images/nozzle_tip_wrapped_0622.jpg,train,test,test/images/nozzle_tip_wrapped_0622.jpg
train/images/nozzle_tip_wrapped_0635.jpg,train,test,test/images/nozzle_tip_wrapped_0635.jpg
train/images/nozzle_tip_wrapped_0754.jpg,train,test,test/images/nozzle_tip_wrapped_0754.jpg
train/images/nozzle_tip_wrapped_0984.jpg,train,test,test/images/nozzle_tip_wrapped_0984.jpg
train/images/nozzle_tip_wrapped_1072.jpg,train,test,test/images/nozzle_tip_wrapped_1072.jpg
train/images/nozzle_tip_wrapped_1060.jpg,train,test,test/images/nozzle_tip_wrapped_1060.jpg
train/images/nozzle_tip_wrapped_1232.jpg,train,test,test/images/nozzle_tip_wrapped_1232.jpg
train/images/nozzle_extrusion_normal_0042.jpg,train,test,test/images/nozzle_extrusion_normal_0042.jpg
val/images/nozzle_extrusion_normal_0036.jpg,val,test,test/images/nozzle_extrusion_normal_0036.jpg
train/images/nozzle_extrusion_normal_0045.jpg,train,test,test/images/nozzle_extrusion_normal_0045.jpg
val/images/nozzle_extrusion_normal_0050.jpg,val,test,test/images/nozzle_extrusion_normal_0050.jpg
train/images/nozzle_extrusion_normal_0090.jpg,train,test,test/images/nozzle_extrusion_normal_0090.jpg
val/images/nozzle_extrusion_normal_0108.jpg,val,test,test/images/nozzle_extrusion_normal_0108.jpg
train/images/nozzle_extrusion_normal_0311.jpg,train,test,test/images/nozzle_extrusion_normal_0311.jpg
val/images/nozzle_extrusion_normal_0280.jpg,val,test,test/images/nozzle_extrusion_normal_0280.jpg
train/images/nozzle_extrusion_normal_0341.jpg,train,test,test/images/nozzle_extrusion_normal_0341.jpg
val/images/nozzle_extrusion_normal_0376.jpg,val,test,test/images/nozzle_extrusion_normal_0376.jpg
train/images/nozzle_extrusion_normal_0425.jpg,train,test,test/images/nozzle_extrusion_normal_0425.jpg
val/images/nozzle_extrusion_normal_0465.jpg,val,test,test/images/nozzle_extrusion_normal_0465.jpg
train/images/nozzle_extrusion_normal_0450.jpg,train,test,test/images/nozzle_extrusion_normal_0450.jpg
val/images/nozzle_extrusion_normal_0492.jpg,val,test,test/images/nozzle_extrusion_normal_0492.jpg
train/images/nozzle_extrusion_normal_0503.jpg,train,test,test/images/nozzle_extrusion_normal_0503.jpg
val/images/nozzle_extrusion_normal_0547.jpg,val,test,test/images/nozzle_extrusion_normal_0547.jpg
train/images/nozzle_extrusion_normal_0534.jpg,train,test,test/images/nozzle_extrusion_normal_0534.jpg
val/images/nozzle_extrusion_normal_0577.jpg,val,test,test/images/nozzle_extrusion_normal_0577.jpg
train/images/nozzle_extrusion_normal_0546.jpg,train,test,test/images/nozzle_extrusion_normal_0546.jpg
val/images/nozzle_extrusion_normal_0588.jpg,val,test,test/images/nozzle_extrusion_normal_0588.jpg
train/images/nozzle_extrusion_normal_0558.jpg,train,test,test/images/nozzle_extrusion_normal_0558.jpg
val/images/nozzle_extrusion_normal_0600.jpg,val,test,test/images/nozzle_extrusion_normal_0600.jpg
train/images/nozzle_extrusion_normal_0754.jpg,train,test,test/images/nozzle_extrusion_normal_0754.jpg
val/images/nozzle_extrusion_normal_0771.jpg,val,test,test/images/nozzle_extrusion_normal_0771.jpg
train/images/nozzle_extrusion_normal_0865.jpg,train,test,test/images/nozzle_extrusion_normal_0865.jpg
val/images/nozzle_extrusion_normal_0848.jpg,val,test,test/images/nozzle_extrusion_normal_0848.jpg
train/images/nozzle_extrusion_normal_0893.jpg,train,test,test/images/nozzle_extrusion_normal_0893.jpg
val/images/nozzle_extrusion_normal_0856.jpg,val,test,test/images/nozzle_extrusion_normal_0856.jpg
train/images/nozzle_extrusion_normal_0903.jpg,train,test,test/images/nozzle_extrusion_normal_0903.jpg
val/images/nozzle_extrusion_normal_0882.jpg,val,test,test/images/nozzle_extrusion_normal_0882.jpg
train/images/nozzle_extrusion_normal_1043.jpg,train,test,test/images/nozzle_extrusion_normal_1043.jpg
val/images/nozzle_extrusion_normal_1002.jpg,val,test,test/images/nozzle_extrusion_normal_1002.jpg
train/images/nozzle_extrusion_normal_1214.jpg,train,test,test/images/nozzle_extrusion_normal_1214.jpg
val/images/nozzle_extrusion_normal_1186.jpg,val,test,test/images/nozzle_extrusion_normal_1186.jpg
train/images/nozzle_extrusion_normal_1268.jpg,train,test,test/images/nozzle_extrusion_normal_1268.jpg
val/images/nozzle_extrusion_normal_1295.jpg,val,test,test/images/nozzle_extrusion_normal_1295.jpg
train/images/nozzle_extrusion_normal_1414.jpg,train,test,test/images/nozzle_extrusion_normal_1414.jpg
val/images/nozzle_extrusion_normal_1391.jpg,val,test,test/images/nozzle_extrusion_normal_1391.jpg
train/images/nozzle_extrusion_normal_1514.jpg,train,test,test/images/nozzle_extrusion_normal_1514.jpg
val/images/nozzle_extrusion_normal_1516.jpg,val,test,test/images/nozzle_extrusion_normal_1516.jpg
train/images/nozzle_no_extrusion_0119.jpg,train,test,test/images/nozzle_no_extrusion_0119.jpg
val/images/nozzle_no_extrusion_0118.jpg,val,test,test/images/nozzle_no_extrusion_0118.jpg
train/images/nozzle_no_extrusion_0136.jpg,train,test,test/images/nozzle_no_extrusion_0136.jpg
val/images/nozzle_no_extrusion_0135.jpg,val,test,test/images/nozzle_no_extrusion_0135.jpg
train/images/nozzle_no_extrusion_0403.jpg,train,test,test/images/nozzle_no_extrusion_0403.jpg
val/images/nozzle_no_extrusion_0411.jpg,val,test,test/images/nozzle_no_extrusion_0411.jpg
train/images/nozzle_no_extrusion_0417.jpg,train,test,test/images/nozzle_no_extrusion_0417.jpg
val/images/nozzle_no_extrusion_0419.jpg,val,test,test/images/nozzle_no_extrusion_0419.jpg
train/images/nozzle_no_extrusion_0436.jpg,train,test,test/images/nozzle_no_extrusion_0436.jpg
val/images/nozzle_no_extrusion_0440.jpg,val,test,test/images/nozzle_no_extrusion_0440.jpg
train/images/nozzle_no_extrusion_0441.jpg,train,test,test/images/nozzle_no_extrusion_0441.jpg
val/images/nozzle_no_extrusion_0435.jpg,val,test,test/images/nozzle_no_extrusion_0435.jpg
train/images/nozzle_no_extrusion_0452.jpg,train,test,test/images/nozzle_no_extrusion_0452.jpg
val/images/nozzle_no_extrusion_0447.jpg,val,test,test/images/nozzle_no_extrusion_0447.jpg
train/images/nozzle_no_extrusion_0477.jpg,train,test,test/images/nozzle_no_extrusion_0477.jpg
val/images/nozzle_no_extrusion_0475.jpg,val,test,test/images/nozzle_no_extrusion_0475.jpg
train/images/nozzle_no_extrusion_0484.jpg,train,test,test/images/nozzle_no_extrusion_0484.jpg
val/images/nozzle_no_extrusion_0492.jpg,val,test,test/images/nozzle_no_extrusion_0492.jpg
train/images/nozzle_no_extrusion_0497.jpg,train,val,val/images/nozzle_no_extrusion_0497.jpg
train/images/nozzle_no_extrusion_0504.jpg,train,test,test/images/nozzle_no_extrusion_0504.jpg
val/images/nozzle_no_extrusion_0499.jpg,val,test,test/images/nozzle_no_extrusion_0499.jpg
train/images/nozzle_no_extrusion_0510.jpg,train,test,test/images/nozzle_no_extrusion_0510.jpg
train/images/nozzle_no_extrusion_0547.jpg,train,test,test/images/nozzle_no_extrusion_0547.jpg
val/images/nozzle_no_extrusion_0539.jpg,val,test,test/images/nozzle_no_extrusion_0539.jpg
train/images/nozzle_no_extrusion_0570.jpg,train,test,test/images/nozzle_no_extrusion_0570.jpg
val/images/nozzle_no_extrusion_0571.jpg,val,test,test/images/nozzle_no_extrusion_0571.jpg
train/images/nozzle_no_extrusion_0577.jpg,train,test,test/images/nozzle_no_extrusion_0577.jpg
val/images/nozzle_no_extrusion_0583.jpg,val,test,test/images/nozzle_no_extrusion_0583.jpg
train/images/nozzle_no_extrusion_0578.jpg,train,test,test/images/nozzle_no_extrusion_0578.jpg
val/images/nozzle_no_extrusion_0582.jpg,val,test,test/images/nozzle_no_extrusion_0582.jpg
train/images/nozzle_no_extrusion_0581.jpg,train,test,test/images/nozzle_no_extrusion_0581.jpg
val/images/nozzle_no_extrusion_0580.jpg,val,test,test/images/nozzle_no_extrusion_0580.jpg
train/images/nozzle_no_extrusion_0588.jpg,train,test,test/images/nozzle_no_extrusion_0588.jpg
val/images/nozzle_no_extrusion_0590.jpg,val,test,test/images/nozzle_no_extrusion_0590.jpg
train/images/nozzle_no_extrusion_0602.jpg,train,test,test/images/nozzle_no_extrusion_0602.jpg
val/images/nozzle_no_extrusion_0596.jpg,val,test,test/images/nozzle_no_extrusion_0596.jpg
train/images/nozzle_no_extrusion_0616.jpg,train,test,test/images/nozzle_no_extrusion_0616.jpg
train/images/nozzle_no_extrusion_0626.jpg,train,test,test/images/nozzle_no_extrusion_0626.jpg
val/images/nozzle_no_extrusion_0634.jpg,val,test,test/images/nozzle_no_extrusion_0634.jpg
train/images/nozzle_no_extrusion_0631.jpg,train,test,test/images/nozzle_no_extrusion_0631.jpg
val/images/nozzle_no_extrusion_0629.jpg,val,test,test/images/nozzle_no_extrusion_0629.jpg
train/images/nozzle_no_extrusion_0649.jpg,train,test,test/images/nozzle_no_extrusion_0649.jpg
val/images/nozzle_no_extrusion_0655.jpg,val,test,test/images/nozzle_no_extrusion_0655.jpg
train/images/nozzle_no_extrusion_0662.jpg,train,test,test/images/nozzle_no_extrusion_0662.jpg
val/images/nozzle_no_extrusion_0664.jpg,val,test,test/images/nozzle_no_extrusion_0664.jpg
train/images/nozzle_no_extrusion_0676.jpg,train,test,test/images/nozzle_no_extrusion_0676.jpg
val/images/nozzle_no_extrusion_0672.jpg,val,test,test/images/nozzle_no_extrusion_0672.jpg
train/images/nozzle_no_extrusion_0713.jpg,train,test,test/images/nozzle_no_extrusion_0713.jpg
val/images/nozzle_no_extrusion_0704.jpg,val,test,test/images/nozzle_no_extrusion_0704.jpg
train/images/nozzle_no_extrusion_0721.jpg,train,test,test/images/nozzle_no_extrusion_0721.jpg
val/images/nozzle_no_extrusion_0717.jpg,val,test,test/images/nozzle_no_extrusion_0717.jpg
train/images/nozzle_no_extrusion_0748.jpg,train,test,test/images/nozzle_no_extrusion_0748.jpg
val/images/nozzle_no_extrusion_0741.jpg,val,test,test/images/nozzle_no_extrusion_0741.jpg
train/images/nozzle_no_extrusion_0772.jpg,train,test,test/images/nozzle_no_extrusion_0772.jpg
val/images/nozzle_no_extrusion_0770.jpg,val,test,test/images/nozzle_no_extrusion_0770.jpg
train/images/nozzle_no_extrusion_0805.jpg,train,test,test/images/nozzle_no_extrusion_0805.jpg
val/images/nozzle_no_extrusion_0801.jpg,val,test,test/images/nozzle_no_extrusion_0801.jpg
train/images/nozzle_no_extrusion_0840.jpg,train,test,test/images/nozzle_no_extrusion_0840.jpg
val/images/nozzle_no_extrusion_0843.jpg,val,test,test/images/nozzle_no_extrusion_0843.jpg
train/images/nozzle_no_extrusion_0881.jpg,train,test,test/images/nozzle_no_extrusion_0881.jpg
val/images/nozzle_no_extrusion_0875.jpg,val,test,test/images/nozzle_no_extrusion_0875.jpg
train/images/nozzle_tip_wrapped_0023.jpg,train,test,test/images/nozzle_tip_wrapped_0023.jpg
val/images/nozzle_tip_wrapped_0019.jpg,val,test,test/images/nozzle_tip_wrapped_0019.jpg
train/images/nozzle_tip_wrapped_0158.jpg,train,test,test/images/nozzle_tip_wrapped_0158.jpg
val/images/nozzle_tip_wrapped_0157.jpg,val,test,test/images/nozzle_tip_wrapped_0157.jpg
train/images/nozzle_tip_wrapped_0328.jpg,train,test,test/images/nozzle_tip_wrapped_0328.jpg
val/images/nozzle_tip_wrapped_0329.jpg,val,test,test/images/nozzle_tip_wrapped_0329.jpg
train/images/nozzle_tip_wrapped_0489.jpg,train,test,test/images/nozzle_tip_wrapped_0489.jpg
val/images/nozzle_tip_wrapped_0491.jpg,val,test,test/images/nozzle_tip_wrapped_0491.jpg
train/images/nozzle_tip_wrapped_0638.jpg,train,test,test/images/nozzle_tip_wrapped_0638.jpg
val/images/nozzle_tip_wrapped_0636.jpg,val,test,test/images/nozzle_tip_wrapped_0636.jpg
train/images/nozzle_tip_wrapped_0661.jpg,train,test,test/images/nozzle_tip_wrapped_0661.jpg
val/images/nozzle_tip_wrapped_0659.jpg,val,test,test/images/nozzle_tip_wrapped_0659.jpg
train/images/nozzle_tip_wrapped_0833.jpg,train,test,test/images/nozzle_tip_wrapped_0833.jpg
val/images/nozzle_tip_wrapped_0831.jpg,val,test,test/images/nozzle_tip_wrapped_0831.jpg
train/images/nozzle_tip_wrapped_1057.jpg,train,test,test/images/nozzle_tip_wrapped_1057.jpg
val/images/nozzle_tip_wrapped_1053.jpg,val,test,test/images/nozzle_tip_wrapped_1053.jpg
train/images/nozzle_tip_wrapped_1219.jpg,train,test,test/images/nozzle_tip_wrapped_1219.jpg
val/images/nozzle_tip_wrapped_1231.jpg,val,test,test/images/nozzle_tip_wrapped_1231.jpg
