数据划分,聚类编号,归一化宽度,归一化高度,宽高比,数量
train,1,0.279205,0.069892,3.9948062725347677,637
train,2,0.279205,0.069892,3.9948062725347677,0
train,3,0.360561,0.069377,5.197125848624185,1045
train,4,0.23978,0.105313,2.276831920085839,43
train,5,0.353379,0.084602,4.1769579915368436,537
train,6,0.301621,0.109437,2.7561153905900193,83
train,7,0.382591,0.098669,3.8775197883833825,125
train,8,0.29503,0.138916,2.123801433960091,445
train,9,0.482551,0.194053,2.4866969333120332,374
val,1,0.279205,0.069892,3.9948062725347677,153
val,2,0.279205,0.069892,3.9948062725347677,0
val,3,0.360561,0.069377,5.197125848624185,227
val,4,0.360561,0.069377,5.197125848624185,0
val,5,0.353379,0.084602,4.1769579915368436,120
val,6,0.382591,0.098669,3.8775197883833825,21
val,7,0.29503,0.138916,2.123801433960091,107
val,8,0.29503,0.138916,2.123801433960091,0
val,9,0.461877,0.194064,2.380024115755627,76
