数据划分,图片路径,标签路径,文件名,文件名前缀,图像宽度,图像高度,目标框数量,平均亮度,亮度标准差,过曝像素比例,欠曝像素比例,模糊度分数,红通道均值,绿通道均值,蓝通道均值,SHA256
train,/mnt/d/ruanjianxiazai/pycharm2026/datasets/dataset_2/train/images/nozzle_tip_wrapped_1315.jpg,/mnt/d/ruanjianxiazai/pycharm2026/datasets/dataset_2/train/labels/nozzle_tip_wrapped_1315.txt,nozzle_tip_wrapped_1315.jpg,nozzle_tip_wrapped,660,1172,1,145.57801818847656,101.21761322021484,0.37749250180990795,0.08677474402730376,6.514714241027832,144.73606112317717,146.751763367463,141.74237640914262,a8f371077e11b2f4c8f0b2e3b3b1c1e1ea67d42e4bafa7414c15c1626fe530de
train,/mnt/d/ruanjianxiazai/pycharm2026/datasets/dataset_2/train/images/nozzle_tip_wrapped_1316.jpg,/mnt/d/ruanjianxiazai/pycharm2026/datasets/dataset_2/train/labels/nozzle_tip_wrapped_1316.txt,nozzle_tip_wrapped_1316.jpg,nozzle_tip_wrapped,660,1172,1,165.3297576904297,101.0541763305664,0.4776101458268694,0.09648619298789947,7.343080043792725,164.05226884889854,166.86827231357947,160.7582622298066,65778d6408ac1b5b13dd86e107b25aaa74aa626c2af766bfc50c86034f1005af
train,/mnt/d/ruanjianxiazai/pycharm2026/datasets/dataset_2/train/images/nozzle_tip_wrapped_1309.jpg,/mnt/d/ruanjianxiazai/pycharm2026/datasets/dataset_2/train/labels/nozzle_tip_wrapped_1309.txt,nozzle_tip_wrapped_1309.jpg,nozzle_tip_wrapped,660,1172,1,86.81462097167969,78.74632263183594,0.12382614541317613,0.12246612886544628,17.486331939697266,87.98872944461682,89.58644249663874,69.46270038266626,86fd778d4cf0098e008bd55a99c9d577a757e6c264da8e273ddbddc408835207
val,/mnt/d/ruanjianxiazai/pycharm2026/datasets/dataset_2/val/images/nozzle_tip_wrapped_1298.jpg,/mnt/d/ruanjianxiazai/pycharm2026/datasets/dataset_2/val/labels/nozzle_tip_wrapped_1298.txt,nozzle_tip_wrapped_1298.jpg,nozzle_tip_wrapped,660,1172,1,107.63172149658203,79.735595703125,0.11305202192574207,0.09213207156893163,17.51531982421875,106.69105259075396,111.25935463853553,91.41978100113765,3c5c532f20c42b4433283cf835572a0123c8401593f59ce09261d206c1af75b3
train,/mnt/d/ruanjianxiazai/pycharm2026/datasets/dataset_2/train/images/nozzle_tip_wrapped_1308.jpg,/mnt/d/ruanjianxiazai/pycharm2026/datasets/dataset_2/train/labels/nozzle_tip_wrapped_1308.txt,nozzle_tip_wrapped_1308.jpg,nozzle_tip_wrapped,660,1172,1,95.6094970703125,77.54788208007812,0.12006670803599132,0.08550522287723653,18.117530822753906,97.47159737304789,98.13432619712484,77.72481771641328,0b95ce5cf08c66656742fc4912c4c1a8849b71ab5d7416db56a8f6061cf75168
val,/mnt/d/ruanjianxiazai/pycharm2026/datasets/dataset_2/val/images/nozzle_tip_wrapped_1314.jpg,/mnt/d/ruanjianxiazai/pycharm2026/datasets/dataset_2/val/labels/nozzle_tip_wrapped_1314.txt,nozzle_tip_wrapped_1314.jpg,nozzle_tip_wrapped,660,1172,1,131.23870849609375,101.93092346191406,0.317013134760575,0.08786585996483608,18.231910705566406,130.37515125659323,132.78667519908987,125.53280975281828,cc88c5aeaafb61548619803bf6110db084a770583499e54ed018d1e1271e5ef6
train,/mnt/d/ruanjianxiazai/pycharm2026/datasets/dataset_2/train/images/nozzle_tip_wrapped_1304.jpg,/mnt/d/ruanjianxiazai/pycharm2026/datasets/dataset_2/train/labels/nozzle_tip_wrapped_1304.txt,nozzle_tip_wrapped_1304.jpg,nozzle_tip_wrapped,660,1172,1,99.40780639648438,87.28271484375,0.1575330954597166,0.10555900299927604,18.510801315307617,102.18929439445651,100.95982262902058,84.12097554038681,9965e0b0453f67188b2910ccb93a65473af2d553f64c578a97f130d2bcadda09
train,/mnt/d/ruanjianxiazai/pycharm2026/datasets/dataset_2/train/images/nozzle_tip_wrapped_1300.jpg,/mnt/d/ruanjianxiazai/pycharm2026/datasets/dataset_2/train/labels/nozzle_tip_wrapped_1300.txt,nozzle_tip_wrapped_1300.jpg,nozzle_tip_wrapped,660,1172,1,85.44397735595703,78.28366088867188,0.1148903712896887,0.13099984486503258,18.640241622924805,86.26886311924707,88.47954028337988,67.64992243251629,46395fd1853d1ca68c7749d3ab746d02a8a7d30be78f4b565a52334243537a17
train,/mnt/d/ruanjianxiazai/pycharm2026/datasets/dataset_2/train/images/nozzle_tip_wrapped_1299.jpg,/mnt/d/ruanjianxiazai/pycharm2026/datasets/dataset_2/train/labels/nozzle_tip_wrapped_1299.txt,nozzle_tip_wrapped_1299.jpg,nozzle_tip_wrapped,660,1172,1,89.06864929199219,76.67549896240234,0.11698727893267143,0.10267349260523322,18.761993408203125,90.30476005791705,91.87893913538112,71.35609421863688,a71ac94e67d0e3cb0b3411bb610b23d76f42e85d16327ecf0c7d023b6bcaacdf
val,/mnt/d/ruanjianxiazai/pycharm2026/datasets/dataset_2/val/images/nozzle_tip_wrapped_1302.jpg,/mnt/d/ruanjianxiazai/pycharm2026/datasets/dataset_2/val/labels/nozzle_tip_wrapped_1302.txt,nozzle_tip_wrapped_1302.jpg,nozzle_tip_wrapped,660,1172,1,87.17710876464844,80.51780700683594,0.11255688282138794,0.1384411521356914,19.042726516723633,88.90329015410073,89.5218068052539,70.57650351639259,143e8b01c2b3934a99c91a38518ed34acbb023f539b746463d3042e7294466f9
train,/mnt/d/ruanjianxiazai/pycharm2026/datasets/dataset_2/train/images/nozzle_tip_wrapped_1303.jpg,/mnt/d/ruanjianxiazai/pycharm2026/datasets/dataset_2/train/labels/nozzle_tip_wrapped_1303.txt,nozzle_tip_wrapped_1303.jpg,nozzle_tip_wrapped,660,1172,1,96.05194854736328,77.10203552246094,0.1162736580825318,0.1182063812183266,19.670568466186523,99.12534646809391,97.8020128762023,78.97977686420519,b431e3d3ba923d284e427d06f2ad936afed21c6cd25d6661ed9ba2b17abf79f9
train,/mnt/d/ruanjianxiazai/pycharm2026/datasets/dataset_2/train/images/nozzle_tip_wrapped_1301.jpg,/mnt/d/ruanjianxiazai/pycharm2026/datasets/dataset_2/train/labels/nozzle_tip_wrapped_1301.txt,nozzle_tip_wrapped_1301.jpg,nozzle_tip_wrapped,660,1172,1,84.32889556884766,76.95977783203125,0.10889957596442239,0.13221248319371187,20.01600456237793,86.04073714965354,86.81720188230427,67.02646990381632,2d48c850250743787744a7117de0dc410ade421c9b9e19c2936b6e2cdace56a4
train,/mnt/d/ruanjianxiazai/pycharm2026/datasets/dataset_2/train/images/nozzle_tip_wrapped_1306.jpg,/mnt/d/ruanjianxiazai/pycharm2026/datasets/dataset_2/train/labels/nozzle_tip_wrapped_1306.txt,nozzle_tip_wrapped_1306.jpg,nozzle_tip_wrapped,660,1172,1,114.20205688476562,88.7441635131836,0.19800134450305099,0.08649808666873514,21.64169692993164,117.5921954183473,115.18816320198573,100.23279036094736,530d3d0ade0cf586716b5b4cee84d2b81053bf0d9e1b80d94fcc58cca2038631
train,/mnt/d/ruanjianxiazai/pycharm2026/datasets/dataset_2/train/images/nozzle_tip_wrapped_1296.jpg,/mnt/d/ruanjianxiazai/pycharm2026/datasets/dataset_2/train/labels/nozzle_tip_wrapped_1296.txt,nozzle_tip_wrapped_1296.jpg,nozzle_tip_wrapped,660,1172,1,125.2923583984375,94.15931701660156,0.21660073430551247,0.08039481849208811,21.806161880493164,126.02527665735857,127.47156246768022,112.14909763160617,f7e89807b55f0730aa86c5c9f99db4dcea004f8d3b9af59b4772fca8c40f1012
train,/mnt/d/ruanjianxiazai/pycharm2026/datasets/dataset_2/train/images/nozzle_tip_wrapped_1291.jpg,/mnt/d/ruanjianxiazai/pycharm2026/datasets/dataset_2/train/labels/nozzle_tip_wrapped_1291.txt,nozzle_tip_wrapped_1291.jpg,nozzle_tip_wrapped,660,1172,1,83.37555694580078,77.61498260498047,0.10074981900920467,0.1403144068673079,22.370365142822266,86.63702166718379,84.75603992139828,67.71308692729342,d7a1a085be784db47aa82fbc6eac13502c14efe473dd57ebf1cb72adfbaf2bdf
train,/mnt/d/ruanjianxiazai/pycharm2026/datasets/dataset_2/train/images/nozzle_tip_wrapped_1264.jpg,/mnt/d/ruanjianxiazai/pycharm2026/datasets/dataset_2/train/labels/nozzle_tip_wrapped_1264.txt,nozzle_tip_wrapped_1264.jpg,nozzle_tip_wrapped,660,1172,1,128.5463409423828,88.58079528808594,0.2385523321956769,0.061990640190298894,22.53827667236328,128.55621056986246,130.98260807736062,115.97574723342642,d52ff41bd61783273cf32e6bd3ae45a89efc9315581a87cecb452e861e97a98a
train,/mnt/d/ruanjianxiazai/pycharm2026/datasets/dataset_2/train/images/nozzle_tip_wrapped_1293.jpg,/mnt/d/ruanjianxiazai/pycharm2026/datasets/dataset_2/train/labels/nozzle_tip_wrapped_1293.txt,nozzle_tip_wrapped_1293.jpg,nozzle_tip_wrapped,660,1172,1,102.93295288085938,87.44164276123047,0.15628813734615782,0.10126434998448651,23.26290512084961,105.7809817457855,104.36808873720136,88.07338271796463,568a7a1f5182411dca5341a16c48e8f5d2717057401ad8359ce81a5f79cb95b2
train,/mnt/d/ruanjianxiazai/pycharm2026/datasets/dataset_2/train/images/nozzle_tip_wrapped_1262.jpg,/mnt/d/ruanjianxiazai/pycharm2026/datasets/dataset_2/train/labels/nozzle_tip_wrapped_1262.txt,nozzle_tip_wrapped_1262.jpg,nozzle_tip_wrapped,660,1172,1,118.2233657836914,83.43791198730469,0.18395387320301995,0.06197771227634709,23.8280029296875,118.24119867618161,120.98367204467887,103.96336746302616,521e9e4045ac080ffdbdc8ad42ecc91b720d55ea7dfb00db2ccbe8aaaae971f6
train,/mnt/d/ruanjianxiazai/pycharm2026/datasets/dataset_2/train/images/nozzle_tip_wrapped_1289.jpg,/mnt/d/ruanjianxiazai/pycharm2026/datasets/dataset_2/train/labels/nozzle_tip_wrapped_1289.txt,nozzle_tip_wrapped_1289.jpg,nozzle_tip_wrapped,660,1172,1,84.77705383300781,72.3112564086914,0.0942341503774951,0.10478332816216775,23.873090744018555,87.67487718481746,86.48316009928638,68.39159427034853,1e15d802cebf8a9de65805bd0106b249c78611633633f6028a59bb13638d71f3
val,/mnt/d/ruanjianxiazai/pycharm2026/datasets/dataset_2/val/images/nozzle_tip_wrapped_1305.jpg,/mnt/d/ruanjianxiazai/pycharm2026/datasets/dataset_2/val/labels/nozzle_tip_wrapped_1305.txt,nozzle_tip_wrapped_1305.jpg,nozzle_tip_wrapped,660,1172,1,106.3408432006836,85.48736572265625,0.16435515565208397,0.08718843727376151,24.665159225463867,110.19657798117696,107.26417157927396,91.47359990691902,70b5039f6aca326e03f057c2e01e89697e4caa2c77b1eb617cc3bc16213deb25
val,/mnt/d/ruanjianxiazai/pycharm2026/datasets/dataset_2/val/images/nozzle_tip_wrapped_1231.jpg,/mnt/d/ruanjianxiazai/pycharm2026/datasets/dataset_2/val/labels/nozzle_tip_wrapped_1231.txt,nozzle_tip_wrapped_1231.jpg,nozzle_tip_wrapped,660,1172,1,136.27120971679688,89.81775665283203,0.2567251008377288,0.06002042610404385,24.69428253173828,135.9449839693867,139.00034129692833,123.07420364050057,8f95610bce94dbfcb924e2d2780bb245684515cf12469c89fc72bb00213c5ec3
train,/mnt/d/ruanjianxiazai/pycharm2026/datasets/dataset_2/train/images/nozzle_tip_wrapped_1283.jpg,/mnt/d/ruanjianxiazai/pycharm2026/datasets/dataset_2/train/labels/nozzle_tip_wrapped_1283.txt,nozzle_tip_wrapped_1283.jpg,nozzle_tip_wrapped,660,1172,1,107.62020874023438,86.74893188476562,0.1616932981694074,0.08956975902368394,24.72305679321289,110.5492243251629,109.28534233116144,91.36404488571723,37be04e2e143d386801c76cba5fe21d8afb3ae07bed45c62a623c1e5ffc47ef6
train,/mnt/d/ruanjianxiazai/pycharm2026/datasets/dataset_2/train/images/nozzle_tip_wrapped_1242.jpg,/mnt/d/ruanjianxiazai/pycharm2026/datasets/dataset_2/train/labels/nozzle_tip_wrapped_1242.txt,nozzle_tip_wrapped_1242.jpg,nozzle_tip_wrapped,660,1172,1,143.45864868164062,90.74479675292969,0.28923621884372736,0.054466594270348535,25.20990753173828,144.09220188230427,145.34988235598303,132.05878322473885,73b460d65b5018a7e3a740f2a8ecd9ef36c7cd43f944f336306fd3e5577e7160
train,/mnt/d/ruanjianxiazai/pycharm2026/datasets/dataset_2/train/images/nozzle_tip_wrapped_1281.jpg,/mnt/d/ruanjianxiazai/pycharm2026/datasets/dataset_2/train/labels/nozzle_tip_wrapped_1281.txt,nozzle_tip_wrapped_1281.jpg,nozzle_tip_wrapped,660,1172,1,83.82256317138672,75.75194549560547,0.08846830075499018,0.12978720653635328,25.37282943725586,85.94789016444307,86.10252223601199,66.50848458992657,dafd069f1be4aa948a0c4c2e9b2ce89754741a9d89fb32173d15df7c61a63f69
train,/mnt/d/ruanjianxiazai/pycharm2026/datasets/dataset_2/train/images/nozzle_tip_wrapped_1191.jpg,/mnt/d/ruanjianxiazai/pycharm2026/datasets/dataset_2/train/labels/nozzle_tip_wrapped_1191.txt,nozzle_tip_wrapped_1191.jpg,nozzle_tip_wrapped,660,1172,1,131.35110473632812,83.88233184814453,0.19636854897093806,0.050638638949219154,25.421329498291016,131.73821620643292,133.97381192470783,116.83103862860689,66c4afb14b9ab69e8ed56af1841c58bd65ba6437e6e4a7307ad35ba849a8fd71
train,/mnt/d/ruanjianxiazai/pycharm2026/datasets/dataset_2/train/images/nozzle_tip_wrapped_1294.jpg,/mnt/d/ruanjianxiazai/pycharm2026/datasets/dataset_2/train/labels/nozzle_tip_wrapped_1294.txt,nozzle_tip_wrapped_1294.jpg,nozzle_tip_wrapped,660,1172,1,103.47087860107422,84.84419250488281,0.15546462922742788,0.08766806288137347,25.745786666870117,107.16879847967732,104.306222204985,89.47064070741546,811436e75ab895843b64c50d770690e7a89f3c431127b1cffb112d31bad5aafb
train,/mnt/d/ruanjianxiazai/pycharm2026/datasets/dataset_2/train/images/nozzle_tip_wrapped_1292.jpg,/mnt/d/ruanjianxiazai/pycharm2026/datasets/dataset_2/train/labels/nozzle_tip_wrapped_1292.txt,nozzle_tip_wrapped_1292.jpg,nozzle_tip_wrapped,660,1172,1,92.35497283935547,75.27938842773438,0.10328498293515358,0.12165167028648258,25.793548583984375,95.85174009721791,93.74821206950047,76.00957958423828,1f4b8ce3519f2ae1540e7ae4e1861fab225d542a48fd78aca4151ce42e48c7f2
train,/mnt/d/ruanjianxiazai/pycharm2026/datasets/dataset_2/train/images/nozzle_tip_wrapped_1245.jpg,/mnt/d/ruanjianxiazai/pycharm2026/datasets/dataset_2/train/labels/nozzle_tip_wrapped_1245.txt,nozzle_tip_wrapped_1245.jpg,nozzle_tip_wrapped,660,1172,1,95.0647201538086,69.27373504638672,0.07806391560657772,0.06312958940945289,26.028881072998047,98.7258028234564,97.22240278208709,74.35223911469646,b096727059e5ad89ed8e517803623ae230ac55ccf38a159b27eb4230af3e47e0
val,/mnt/d/ruanjianxiazai/pycharm2026/datasets/dataset_2/val/images/nozzle_tip_wrapped_1270.jpg,/mnt/d/ruanjianxiazai/pycharm2026/datasets/dataset_2/val/labels/nozzle_tip_wrapped_1270.txt,nozzle_tip_wrapped_1270.jpg,nozzle_tip_wrapped,660,1172,1,107.0975112915039,72.54875183105469,0.09388638949219154,0.07278415554866066,26.122453689575195,106.67853707725722,110.59684171062158,90.1778441410694,464410ca44b0eefd15c98e2d8947e26de066e4add85e69cfc90be5b54ec1a14a
train,/mnt/d/ruanjianxiazai/pycharm2026/datasets/dataset_2/train/images/nozzle_tip_wrapped_1271.jpg,/mnt/d/ruanjianxiazai/pycharm2026/datasets/dataset_2/train/labels/nozzle_tip_wrapped_1271.txt,nozzle_tip_wrapped_1271.jpg,nozzle_tip_wrapped,660,1172,1,115.82917785644531,86.33162689208984,0.19097760885303547,0.06892388044265177,26.25004005432129,115.42291343468818,118.69970782914469,102.1139220705347,0fad30283a82203f4f692ef81842596028d8b9d55f7eeb9102e300e028bac191
train,/mnt/d/ruanjianxiazai/pycharm2026/datasets/dataset_2/train/images/nozzle_tip_wrapped_1254.jpg,/mnt/d/ruanjianxiazai/pycharm2026/datasets/dataset_2/train/labels/nozzle_tip_wrapped_1254.txt,nozzle_tip_wrapped_1254.jpg,nozzle_tip_wrapped,660,1172,1,133.92727661132812,90.08890533447266,0.23684584755403867,0.06283354017995656,26.396045684814453,132.778811149033,137.06107017271694,120.80320095149446,5b78a13edf7875096560803c1aea342495f846a1c93c3335cb494dabe889905c
train,/mnt/d/ruanjianxiazai/pycharm2026/datasets/dataset_2/train/images/nozzle_tip_wrapped_1256.jpg,/mnt/d/ruanjianxiazai/pycharm2026/datasets/dataset_2/train/labels/nozzle_tip_wrapped_1256.txt,nozzle_tip_wrapped_1256.jpg,nozzle_tip_wrapped,660,1172,1,106.57242584228516,75.333740234375,0.1049126073016858,0.06875064639569758,26.42980194091797,106.46778751680628,109.79722049850037,90.24202864825732,9886a79c4f775cce9e9d85aea999aea372485d4716c64cc5f65cd311539f55cf
train,/mnt/d/ruanjianxiazai/pycharm2026/datasets/dataset_2/train/images/nozzle_tip_wrapped_1237.jpg,/mnt/d/ruanjianxiazai/pycharm2026/datasets/dataset_2/train/labels/nozzle_tip_wrapped_1237.txt,nozzle_tip_wrapped_1237.jpg,nozzle_tip_wrapped,660,1172,1,103.78893280029297,75.91058349609375,0.09339125038783742,0.06341271072499742,26.439746856689453,105.65378529320509,106.403058744441,85.43736296411211,a5e456601e0082d7bbb7addefe56f84816900ea46f6a649bee017b7e6ce07d4c
train,/mnt/d/ruanjianxiazai/pycharm2026/datasets/dataset_2/train/images/nozzle_tip_wrapped_1276.jpg,/mnt/d/ruanjianxiazai/pycharm2026/datasets/dataset_2/train/labels/nozzle_tip_wrapped_1276.txt,nozzle_tip_wrapped_1276.jpg,nozzle_tip_wrapped,660,1172,1,116.78579711914062,82.78484344482422,0.1268008584134864,0.07315001551349674,26.75130271911621,115.21532345640708,120.19007911883338,103.37578084600268,2f087f18ee5155ac6506519eb4d0329c87f527a2ee306abc599a40883b099dd8
train,/mnt/d/ruanjianxiazai/pycharm2026/datasets/dataset_2/train/images/nozzle_tip_wrapped_1275.jpg,/mnt/d/ruanjianxiazai/pycharm2026/datasets/dataset_2/train/labels/nozzle_tip_wrapped_1275.txt,nozzle_tip_wrapped_1275.jpg,nozzle_tip_wrapped,660,1172,1,101.17800903320312,73.05187225341797,0.09695547626434999,0.06798531388975075,26.94619369506836,101.59504990174786,104.45284801944358,83.22170984589927,45f5218f57c1da427306ef21c8495b5f237bb2045c21215fa872528d2e37f8f7
train,/mnt/d/ruanjianxiazai/pycharm2026/datasets/dataset_2/train/images/nozzle_tip_wrapped_1286.jpg,/mnt/d/ruanjianxiazai/pycharm2026/datasets/dataset_2/train/labels/nozzle_tip_wrapped_1286.txt,nozzle_tip_wrapped_1286.jpg,nozzle_tip_wrapped,660,1172,1,128.61187744140625,95.13604736328125,0.24315725514530975,0.08120281311407591,27.02037811279297,129.91884889854174,130.22952347709173,116.85454286896267,3578d7b41c1127204f65ba681d999d06af48038623eda26187ec0b4e4d97d859
val,/mnt/d/ruanjianxiazai/pycharm2026/datasets/dataset_2/val/images/nozzle_tip_wrapped_1253.jpg,/mnt/d/ruanjianxiazai/pycharm2026/datasets/dataset_2/val/labels/nozzle_tip_wrapped_1253.txt,nozzle_tip_wrapped_1253.jpg,nozzle_tip_wrapped,660,1172,1,114.47909545898438,81.0947036743164,0.16456975902368393,0.06348898541731306,27.143596649169922,115.41777071051816,117.12144223808046,98.41142051918503,b1ae939abefc4195bab1437fc038ae6db6a82bdecffde10b947f05d5f5589594
val,/mnt/d/ruanjianxiazai/pycharm2026/datasets/dataset_2/val/images/nozzle_tip_wrapped_1260.jpg,/mnt/d/ruanjianxiazai/pycharm2026/datasets/dataset_2/val/labels/nozzle_tip_wrapped_1260.txt,nozzle_tip_wrapped_1260.jpg,nozzle_tip_wrapped,660,1172,1,102.62184143066406,75.08937072753906,0.10239295687247905,0.067492760368187,27.332727432250977,103.54344942600062,105.61402678663771,84.79748293515358,fe5738364201405222bd137955848dd84cf03c5b1f9efc5a933bd9a450e947b8
train,/mnt/d/ruanjianxiazai/pycharm2026/datasets/dataset_2/train/images/nozzle_tip_wrapped_1219.jpg,/mnt/d/ruanjianxiazai/pycharm2026/datasets/dataset_2/train/labels/nozzle_tip_wrapped_1219.txt,nozzle_tip_wrapped_1219.jpg,nozzle_tip_wrapped,660,1172,1,134.47042846679688,89.42451477050781,0.25196504292067434,0.060740510911159375,27.455617904663086,135.3777950149964,136.5395943220602,121.43616454648878,24e544fa2d2e8a12f5ba98015716ca05fa9aa4d9093f2dec78c1b5dd533651fa
val,/mnt/d/ruanjianxiazai/pycharm2026/datasets/dataset_2/val/images/nozzle_tip_wrapped_1282.jpg,/mnt/d/ruanjianxiazai/pycharm2026/datasets/dataset_2/val/labels/nozzle_tip_wrapped_1282.txt,nozzle_tip_wrapped_1282.jpg,nozzle_tip_wrapped,660,1172,1,96.73201751708984,74.4849853515625,0.09863998345227014,0.10398179749715586,27.487478256225586,100.34971558589307,98.41090081704417,78.59875762746923,c02aa5b69405f38e3a526b01139b7ceffd29f6da434bd16b91f9aa7e173daa2f
train,/mnt/d/ruanjianxiazai/pycharm2026/datasets/dataset_2/train/images/nozzle_tip_wrapped_1259.jpg,/mnt/d/ruanjianxiazai/pycharm2026/datasets/dataset_2/train/labels/nozzle_tip_wrapped_1259.txt,nozzle_tip_wrapped_1259.jpg,nozzle_tip_wrapped,660,1172,1,107.54910278320312,76.55330657958984,0.08793954907436136,0.06595304581652704,27.4969425201416,107.93671269004034,111.06389233633261,88.43437144482367,f24ce3dff320da2e95ef67a727a638c5ee6862b502f81545d529e838359daf65
train,/mnt/d/ruanjianxiazai/pycharm2026/datasets/dataset_2/train/images/nozzle_tip_wrapped_1269.jpg,/mnt/d/ruanjianxiazai/pycharm2026/datasets/dataset_2/train/labels/nozzle_tip_wrapped_1269.txt,nozzle_tip_wrapped_1269.jpg,nozzle_tip_wrapped,660,1172,1,99.92665100097656,76.51091003417969,0.10915167028648258,0.07595795842382873,27.560312271118164,100.69892181197642,102.84963414003516,82.85022365291137,8678cc15bc26e225d996cf19eafab96cad90f293d986bc183f614d3cff29fe24
val,/mnt/d/ruanjianxiazai/pycharm2026/datasets/dataset_2/val/images/nozzle_tip_wrapped_1295.jpg,/mnt/d/ruanjianxiazai/pycharm2026/datasets/dataset_2/val/labels/nozzle_tip_wrapped_1295.txt,nozzle_tip_wrapped_1295.jpg,nozzle_tip_wrapped,660,1172,1,105.49679565429688,83.86749267578125,0.16305719309132277,0.08554659220188231,28.273914337158203,109.4317341503775,106.3491402937222,90.78730478849933,dba65c7e59548e8db6a46d80539b84e488d7a0aa9d4b95c1fd97c5fc8dd859f2
train,/mnt/d/ruanjianxiazai/pycharm2026/datasets/dataset_2/train/images/nozzle_tip_wrapped_1178.jpg,/mnt/d/ruanjianxiazai/pycharm2026/datasets/dataset_2/train/labels/nozzle_tip_wrapped_1178.txt,nozzle_tip_wrapped_1178.jpg,nozzle_tip_wrapped,660,1172,1,123.85475158691406,82.79505157470703,0.17434067638845796,0.06315932361154204,28.376005172729492,123.67750542972387,126.92477246871445,108.51170493329197,2d36c58a0851e55f418f1a342dabaa6d0f086e392aef189b03959a85b78bc4ae
val,/mnt/d/ruanjianxiazai/pycharm2026/datasets/dataset_2/val/images/nozzle_tip_wrapped_1244.jpg,/mnt/d/ruanjianxiazai/pycharm2026/datasets/dataset_2/val/labels/nozzle_tip_wrapped_1244.txt,nozzle_tip_wrapped_1244.jpg,nozzle_tip_wrapped,660,1172,1,108.55622863769531,72.08192443847656,0.09398334884683007,0.058784517530251316,28.58016586303711,111.4442574206226,110.86670674319991,89.08460156169201,675118a163ad3ef19b995d39e73753609683c6e79ed3388c232c401cf59a5616
val,/mnt/d/ruanjianxiazai/pycharm2026/datasets/dataset_2/val/images/nozzle_tip_wrapped_1268.jpg,/mnt/d/ruanjianxiazai/pycharm2026/datasets/dataset_2/val/labels/nozzle_tip_wrapped_1268.txt,nozzle_tip_wrapped_1268.jpg,nozzle_tip_wrapped,660,1172,1,97.79527282714844,72.5564956665039,0.09037904643706691,0.07396188850967007,28.61223030090332,98.48978565518668,100.93932671424139,79.78462224635433,fee9928e6991dc66a3cb1f0ca07ccead0954506e29d845b90779ab3dd20a2c81
train,/mnt/d/ruanjianxiazai/pycharm2026/datasets/dataset_2/train/images/nozzle_tip_wrapped_1229.jpg,/mnt/d/ruanjianxiazai/pycharm2026/datasets/dataset_2/train/labels/nozzle_tip_wrapped_1229.txt,nozzle_tip_wrapped_1229.jpg,nozzle_tip_wrapped,660,1172,1,121.59657287597656,82.14215850830078,0.17101949529423932,0.06043024097631606,28.730928421020508,123.37334393422277,123.85660357844658,105.29930577102078,8ddbec4d0c15179b75eb4181aad98284539613fc9ecae94b339174586b4d161f
train,/mnt/d/ruanjianxiazai/pycharm2026/datasets/dataset_2/train/images/nozzle_tip_wrapped_1280.jpg,/mnt/d/ruanjianxiazai/pycharm2026/datasets/dataset_2/train/labels/nozzle_tip_wrapped_1280.txt,nozzle_tip_wrapped_1280.jpg,nozzle_tip_wrapped,660,1172,1,81.90437316894531,72.7564926147461,0.08694539249146757,0.12173440893577413,28.785327911376953,84.01033069603889,84.31447667804323,63.97097036922122,3ab0cc4459a6300ec38f6f1d8a43a470ade1cd5e4da1364a3325719f705efa84
train,/mnt/d/ruanjianxiazai/pycharm2026/datasets/dataset_2/train/images/nozzle_tip_wrapped_1284.jpg,/mnt/d/ruanjianxiazai/pycharm2026/datasets/dataset_2/train/labels/nozzle_tip_wrapped_1284.txt,nozzle_tip_wrapped_1284.jpg,nozzle_tip_wrapped,660,1172,1,106.49254608154297,84.30241394042969,0.15747362705553833,0.083395387320302,28.923349380493164,110.33204571310374,107.56146705967525,90.91816501189368,5cfafe3322bf80780be52d3ab0cff110e5474c82713fb0554d452c67f35f7a68
train,/mnt/d/ruanjianxiazai/pycharm2026/datasets/dataset_2/train/images/nozzle_tip_wrapped_1277.jpg,/mnt/d/ruanjianxiazai/pycharm2026/datasets/dataset_2/train/labels/nozzle_tip_wrapped_1277.txt,nozzle_tip_wrapped_1277.jpg,nozzle_tip_wrapped,660,1172,1,91.61883544921875,71.64492797851562,0.09106551866790774,0.07861464474092461,28.936599731445312,92.34357999793153,94.64765099803496,74.12214939497363,79a3f1f89d098f41daf2bba7e4a6644ce6ab23461fa9bbd229919ee5f714f97b
train,/mnt/d/ruanjianxiazai/pycharm2026/datasets/dataset_2/train/images/nozzle_tip_wrapped_1238.jpg,/mnt/d/ruanjianxiazai/pycharm2026/datasets/dataset_2/train/labels/nozzle_tip_wrapped_1238.txt,nozzle_tip_wrapped_1238.jpg,nozzle_tip_wrapped,660,1172,1,105.23584747314453,72.25720977783203,0.08988649291550316,0.06164675767918089,29.155073165893555,107.57203045816527,107.57471429310166,87.06529242941359,a78e46771901116cda44c0cc050c4066cdc101f7ea80122923b444ca4bf8010b
train,/mnt/d/ruanjianxiazai/pycharm2026/datasets/dataset_2/train/images/nozzle_tip_wrapped_1243.jpg,/mnt/d/ruanjianxiazai/pycharm2026/datasets/dataset_2/train/labels/nozzle_tip_wrapped_1243.txt,nozzle_tip_wrapped_1243.jpg,nozzle_tip_wrapped,660,1172,1,106.44249725341797,69.21710205078125,0.08165270451959872,0.05446530147895336,29.23993682861328,108.9115071362085,109.03860404385148,86.5991131451029,656c706c0923812b6b7f9a49acefa2ca6a8635f6f9114dddf92988e05e82bd84
train,/mnt/d/ruanjianxiazai/pycharm2026/datasets/dataset_2/train/images/nozzle_tip_wrapped_1251.jpg,/mnt/d/ruanjianxiazai/pycharm2026/datasets/dataset_2/train/labels/nozzle_tip_wrapped_1251.txt,nozzle_tip_wrapped_1251.jpg,nozzle_tip_wrapped,660,1172,1,115.54229736328125,86.89730834960938,0.18854457544730582,0.07068466232288757,29.41114044189453,115.82887837418554,118.20888535525907,101.06005791705451,c3553922efecafe7f72b1f8a9ee02102317ccae474216f2fa8650b8ee99310ea
train,/mnt/d/ruanjianxiazai/pycharm2026/datasets/dataset_2/train/images/nozzle_tip_wrapped_1261.jpg,/mnt/d/ruanjianxiazai/pycharm2026/datasets/dataset_2/train/labels/nozzle_tip_wrapped_1261.txt,nozzle_tip_wrapped_1261.jpg,nozzle_tip_wrapped,660,1172,1,116.34733581542969,82.46310424804688,0.1556352776915917,0.06262281518254215,29.494842529296875,116.31962586617024,119.4911779915193,100.23203149239839,e24358a52a858f529d30f4e6c4ef07f9a640f312f6f637ba9d96957d64abf0e9
val,/mnt/d/ruanjianxiazai/pycharm2026/datasets/dataset_2/val/images/nozzle_tip_wrapped_1203.jpg,/mnt/d/ruanjianxiazai/pycharm2026/datasets/dataset_2/val/labels/nozzle_tip_wrapped_1203.txt,nozzle_tip_wrapped_1203.jpg,nozzle_tip_wrapped,660,1172,1,127.8016128540039,84.41123962402344,0.19982935153583617,0.054714810218223185,29.65130615234375,130.93268047367877,129.2304193815286,112.23235856862136,f82daf776f0496980d76c6fc6dfd0e95b2f30f601e557ec40d0e1325a9d75b4d
train,/mnt/d/ruanjianxiazai/pycharm2026/datasets/dataset_2/train/images/nozzle_tip_wrapped_1250.jpg,/mnt/d/ruanjianxiazai/pycharm2026/datasets/dataset_2/train/labels/nozzle_tip_wrapped_1250.txt,nozzle_tip_wrapped_1250.jpg,nozzle_tip_wrapped,660,1172,1,99.91707611083984,73.12325286865234,0.08685101871961941,0.07923906298479677,29.71536636352539,101.35022106732858,102.91476755610715,80.72272339435308,c67ca3d41bf110a243e4b368f55953093fb9f3e1ffca78c830d86a0b5acb4baf
train,/mnt/d/ruanjianxiazai/pycharm2026/datasets/dataset_2/train/images/nozzle_tip_wrapped_1222.jpg,/mnt/d/ruanjianxiazai/pycharm2026/datasets/dataset_2/train/labels/nozzle_tip_wrapped_1222.txt,nozzle_tip_wrapped_1222.jpg,nozzle_tip_wrapped,660,1172,1,95.74723052978516,68.43911743164062,0.06621548246974868,0.06282578343158549,29.97267723083496,97.57359085737926,98.53497905677939,76.60263988002896,12d9e4fcde63c39c3bef3ffbc888f0a7491fbae119aeb3db0272d10584f0234a
train,/mnt/d/ruanjianxiazai/pycharm2026/datasets/dataset_2/train/images/nozzle_tip_wrapped_1234.jpg,/mnt/d/ruanjianxiazai/pycharm2026/datasets/dataset_2/train/labels/nozzle_tip_wrapped_1234.txt,nozzle_tip_wrapped_1234.jpg,nozzle_tip_wrapped,660,1172,1,85.60047149658203,67.31309509277344,0.06849338090805668,0.08673078911986762,30.0272159576416,87.70491390009308,88.14234538214913,66.99245397662634,6346d74999dc827100d76bc912562686ad528415679b6c86c1023ceddf84f867
train,/mnt/d/ruanjianxiazai/pycharm2026/datasets/dataset_2/train/images/nozzle_tip_wrapped_1236.jpg,/mnt/d/ruanjianxiazai/pycharm2026/datasets/dataset_2/train/labels/nozzle_tip_wrapped_1236.txt,nozzle_tip_wrapped_1236.jpg,nozzle_tip_wrapped,660,1172,1,99.89552307128906,69.45587921142578,0.07853707725721377,0.06358982314613713,30.03508186340332,102.28642051918503,102.53378839590444,80.0399123487434,7dcfba23402ef07602848d7ab48bcd439012731894f70b91cad79b319caec937
train,/mnt/d/ruanjianxiazai/pycharm2026/datasets/dataset_2/train/images/nozzle_tip_wrapped_1239.jpg,/mnt/d/ruanjianxiazai/pycharm2026/datasets/dataset_2/train/labels/nozzle_tip_wrapped_1239.txt,nozzle_tip_wrapped_1239.jpg,nozzle_tip_wrapped,660,1172,1,124.61995697021484,84.99311828613281,0.20030251318647224,0.06116842486296411,30.141952514648438,125.31654772985831,127.05548014272416,110.25208397972904,8c5c15216f48e2f3b85a5a5e84e7e39b6982a1f735a42e910594a192e0522d66
train,/mnt/d/ruanjianxiazai/pycharm2026/datasets/dataset_2/train/images/nozzle_tip_wrapped_1273.jpg,/mnt/d/ruanjianxiazai/pycharm2026/datasets/dataset_2/train/labels/nozzle_tip_wrapped_1273.txt,nozzle_tip_wrapped_1273.jpg,nozzle_tip_wrapped,660,1172,1,112.35379028320312,81.83216857910156,0.16633441927810527,0.06815596235391458,30.338388442993164,112.96163382976523,115.03755171165581,96.94046437066915,3b04b26b99c4f27b1d04f4ea1aa22d6d07bb460555ef42fa75587b96b28fac2c
train,/mnt/d/ruanjianxiazai/pycharm2026/datasets/dataset_2/train/images/nozzle_tip_wrapped_1240.jpg,/mnt/d/ruanjianxiazai/pycharm2026/datasets/dataset_2/train/labels/nozzle_tip_wrapped_1240.txt,nozzle_tip_wrapped_1240.jpg,nozzle_tip_wrapped,660,1172,1,125.7846908569336,82.23436737060547,0.1829920364050057,0.056210569862447,30.355575561523438,127.82616480504706,127.73261066294343,110.4001628917158,da2ddc2fce49e24cbc69aeb287f5d6bc9c4f19a3d5eda0c02bc937d76ec3035e
train,/mnt/d/ruanjianxiazai/pycharm2026/datasets/dataset_2/train/images/nozzle_tip_wrapped_1249.jpg,/mnt/d/ruanjianxiazai/pycharm2026/datasets/dataset_2/train/labels/nozzle_tip_wrapped_1249.txt,nozzle_tip_wrapped_1249.jpg,nozzle_tip_wrapped,660,1172,1,92.80272674560547,73.52584075927734,0.0874935360430241,0.08578446581859552,30.43666648864746,94.97678405212535,95.47941876098872,73.31806158858207,f15ffafa4eb35687e1a47a522cc95303263d63467f875b877cbbff8eb1c271d4
train,/mnt/d/ruanjianxiazai/pycharm2026/datasets/dataset_2/train/images/nozzle_tip_wrapped_1255.jpg,/mnt/d/ruanjianxiazai/pycharm2026/datasets/dataset_2/train/labels/nozzle_tip_wrapped_1255.txt,nozzle_tip_wrapped_1255.jpg,nozzle_tip_wrapped,660,1172,1,96.51502990722656,69.4329605102539,0.08035086358465197,0.06602544213465715,30.50421142578125,97.0862382355983,99.91334031440687,77.51858387630573,b32fc96fe19a4e670c3bb2258277f9c8487d3c4cdf14b859431feb73e8f3a9f1
train,/mnt/d/ruanjianxiazai/pycharm2026/datasets/dataset_2/train/images/nozzle_tip_wrapped_1233.jpg,/mnt/d/ruanjianxiazai/pycharm2026/datasets/dataset_2/train/labels/nozzle_tip_wrapped_1233.txt,nozzle_tip_wrapped_1233.jpg,nozzle_tip_wrapped,660,1172,1,100.09898376464844,69.81954193115234,0.07878787878787878,0.0689355155652084,30.661657333374023,99.96165710001034,103.72779372220498,81.7739554245527,8a49ad28cd19a4708cf097a2c4a26a38d72bb527fce910c572b553cd25531a66
train,/mnt/d/ruanjianxiazai/pycharm2026/datasets/dataset_2/train/images/nozzle_tip_wrapped_1228.jpg,/mnt/d/ruanjianxiazai/pycharm2026/datasets/dataset_2/train/labels/nozzle_tip_wrapped_1228.txt,nozzle_tip_wrapped_1228.jpg,nozzle_tip_wrapped,660,1172,1,122.4043197631836,84.31993865966797,0.1912064329299824,0.06108180783948702,30.676959991455078,123.54872530768435,124.96566992450099,106.21402290826352,288fc11768da75750b2163ae2ca3ee2958a61dbfdf538e7ebb1ae7fdfa434ac0
train,/mnt/d/ruanjianxiazai/pycharm2026/datasets/dataset_2/train/images/nozzle_tip_wrapped_1265.jpg,/mnt/d/ruanjianxiazai/pycharm2026/datasets/dataset_2/train/labels/nozzle_tip_wrapped_1265.txt,nozzle_tip_wrapped_1265.jpg,nozzle_tip_wrapped,660,1172,1,101.44098663330078,72.23587799072266,0.09181533767711242,0.06313476057503362,30.703584671020508,101.96424656117489,104.5127921708553,84.25142465611749,a6b5800facd16d87406dbd63240454c742a644d1d0a532dbdc3153c57e59e02a
val,/mnt/d/ruanjianxiazai/pycharm2026/datasets/dataset_2/val/images/nozzle_tip_wrapped_1266.jpg,/mnt/d/ruanjianxiazai/pycharm2026/datasets/dataset_2/val/labels/nozzle_tip_wrapped_1266.txt,nozzle_tip_wrapped_1266.jpg,nozzle_tip_wrapped,660,1172,1,89.60546112060547,71.09911346435547,0.08766289171579274,0.08304504085220808,30.73996925354004,90.65232702451132,92.51394663357121,71.88357249974145,b51359333949758224676334bf28ffebd7a55c262db323281fd506d42a74ed4e
train,/mnt/d/ruanjianxiazai/pycharm2026/datasets/dataset_2/train/images/nozzle_tip_wrapped_1313.jpg,/mnt/d/ruanjianxiazai/pycharm2026/datasets/dataset_2/train/labels/nozzle_tip_wrapped_1313.txt,nozzle_tip_wrapped_1313.jpg,nozzle_tip_wrapped,660,1172,1,114.3062973022461,88.47260284423828,0.2174656117488882,0.08275545557968766,30.76192283630371,114.64699426000621,116.5879046437067,101.66441074568208,3542e99972fd6b320cda485b3baf8c6f6d778b927f4b53d9767544de8d4ba3ca
train,/mnt/d/ruanjianxiazai/pycharm2026/datasets/dataset_2/train/images/nozzle_tip_wrapped_1161.jpg,/mnt/d/ruanjianxiazai/pycharm2026/datasets/dataset_2/train/labels/nozzle_tip_wrapped_1161.txt,nozzle_tip_wrapped_1161.jpg,nozzle_tip_wrapped,660,1172,1,91.12959289550781,70.71656036376953,0.06780949426000621,0.08698159065053263,30.812864303588867,94.33803909401179,93.79248758920261,69.00285965456614,a9bce48be4a86a06d83398279133809e40274a6ae849118d0317c95948204ac5
train,/mnt/d/ruanjianxiazai/pycharm2026/datasets/dataset_2/train/images/nozzle_tip_wrapped_1225.jpg,/mnt/d/ruanjianxiazai/pycharm2026/datasets/dataset_2/train/labels/nozzle_tip_wrapped_1225.txt,nozzle_tip_wrapped_1225.jpg,nozzle_tip_wrapped,660,1172,1,90.68385314941406,68.2426528930664,0.06683602233943531,0.07716284000413694,30.951807022094727,95.45576067845693,92.47499095046024,68.94526450511945,05c94394433ed3dee2a276f87382bf18cf9191b3faddd80046074d969bfedc20
train,/mnt/d/ruanjianxiazai/pycharm2026/datasets/dataset_2/train/images/nozzle_tip_wrapped_1285.jpg,/mnt/d/ruanjianxiazai/pycharm2026/datasets/dataset_2/train/labels/nozzle_tip_wrapped_1285.txt,nozzle_tip_wrapped_1285.jpg,nozzle_tip_wrapped,660,1172,1,106.22612762451172,82.81280517578125,0.15771925742062262,0.08206639776605647,31.222787857055664,110.4285926672872,107.29379847967732,89.70627133105802,0a7348baf1dc25038d402857147a53d4d7e55edcccae19524d0d6a8b50e7ec97
train,/mnt/d/ruanjianxiazai/pycharm2026/datasets/dataset_2/train/images/nozzle_tip_wrapped_1175.jpg,/mnt/d/ruanjianxiazai/pycharm2026/datasets/dataset_2/train/labels/nozzle_tip_wrapped_1175.txt,nozzle_tip_wrapped_1175.jpg,nozzle_tip_wrapped,660,1172,1,95.34901428222656,71.5924301147461,0.0786482573171993,0.07078032888613094,31.231548309326172,98.55104328265591,97.68528286275726,74.92098200434378,3d15f4d05ffd1940f012c0ff7051e3ce041f64c56890794d3960905dc82d6711
train,/mnt/d/ruanjianxiazai/pycharm2026/datasets/dataset_2/train/images/nozzle_tip_wrapped_1177.jpg,/mnt/d/ruanjianxiazai/pycharm2026/datasets/dataset_2/train/labels/nozzle_tip_wrapped_1177.txt,nozzle_tip_wrapped_1177.jpg,nozzle_tip_wrapped,660,1172,1,115.41021728515625,81.86660766601562,0.15100708449684558,0.06618704105905471,31.999147415161133,115.64830773606371,118.65352156376048,98.08558020477815,f8d84740f7d0e40e2a9e3130c5a4cb0dd506e339906a229b005fae82a3355298
val,/mnt/d/ruanjianxiazai/pycharm2026/datasets/dataset_2/val/images/nozzle_tip_wrapped_1168.jpg,/mnt/d/ruanjianxiazai/pycharm2026/datasets/dataset_2/val/labels/nozzle_tip_wrapped_1168.txt,nozzle_tip_wrapped_1168.jpg,nozzle_tip_wrapped,660,1172,1,115.0173110961914,79.52076721191406,0.0934920881166615,0.0673789947254111,32.10087585449219,115.39737951184198,118.22778725824801,97.4893797186886,2081dcdac3c930a10c8a5c7153156606baac38344459b21549f6d63818b71fd1
train,/mnt/d/ruanjianxiazai/pycharm2026/datasets/dataset_2/train/images/nozzle_tip_wrapped_1226.jpg,/mnt/d/ruanjianxiazai/pycharm2026/datasets/dataset_2/train/labels/nozzle_tip_wrapped_1226.txt,nozzle_tip_wrapped_1226.jpg,nozzle_tip_wrapped,660,1172,1,100.76405334472656,74.70222473144531,0.09717137242734512,0.06453743923880442,32.16694259643555,105.5969955527976,102.30608387630572,80.14802590753956,a8c2008e33e212e5dfab13ac601c75d76f192bfd4ca731e3c542743e955f5db3
val,/mnt/d/ruanjianxiazai/pycharm2026/datasets/dataset_2/val/images/nozzle_tip_wrapped_1171.jpg,/mnt/d/ruanjianxiazai/pycharm2026/datasets/dataset_2/val/labels/nozzle_tip_wrapped_1171.txt,nozzle_tip_wrapped_1171.jpg,nozzle_tip_wrapped,660,1172,1,91.12885284423828,67.6722412109375,0.06860068259385665,0.07168657565415244,32.2788200378418,94.45113377805357,93.48458992656946,70.28516263315751,57d85224714ae19e25e5e18dcb0e5d1cc2b730068c4a1575d8724efb01b2b11b
train,/mnt/d/ruanjianxiazai/pycharm2026/datasets/dataset_2/train/images/nozzle_tip_wrapped_1257.jpg,/mnt/d/ruanjianxiazai/pycharm2026/datasets/dataset_2/train/labels/nozzle_tip_wrapped_1257.txt,nozzle_tip_wrapped_1257.jpg,nozzle_tip_wrapped,660,1172,1,90.16450500488281,70.38414001464844,0.08237925328369014,0.08192031233840108,32.36552047729492,91.06690712586617,93.25543230944255,71.88204959147792,fc3c44344e265ac61effd24535de369c098a1d4b3fe0d30f6de1f5638118d2e6
train,/mnt/d/ruanjianxiazai/pycharm2026/datasets/dataset_2/train/images/nozzle_tip_wrapped_1165.jpg,/mnt/d/ruanjianxiazai/pycharm2026/datasets/dataset_2/train/labels/nozzle_tip_wrapped_1165.txt,nozzle_tip_wrapped_1165.jpg,nozzle_tip_wrapped,660,1172,1,113.03327941894531,80.46759796142578,0.14238933705657256,0.07285008790981487,32.587158203125,114.33340314406867,115.73359964836074,95.71906738028751,5c9ac7dfe723b8cea51a5626d4a7e945b19d669a6da7bf31434c418e1f720c8b
train,/mnt/d/ruanjianxiazai/pycharm2026/datasets/dataset_2/train/images/nozzle_tip_wrapped_1227.jpg,/mnt/d/ruanjianxiazai/pycharm2026/datasets/dataset_2/train/labels/nozzle_tip_wrapped_1227.txt,nozzle_tip_wrapped_1227.jpg,nozzle_tip_wrapped,660,1172,1,102.3877944946289,71.34913635253906,0.08366299513910436,0.06508687558175613,32.832340240478516,107.65374263108905,103.85044213465716,81.04489605957183,e5c571e2cbf0583f785736de35a788de7527d4a4211b015e3507f682634f34d1
val,/mnt/d/ruanjianxiazai/pycharm2026/datasets/dataset_2/val/images/nozzle_tip_wrapped_1252.jpg,/mnt/d/ruanjianxiazai/pycharm2026/datasets/dataset_2/val/labels/nozzle_tip_wrapped_1252.txt,nozzle_tip_wrapped_1252.jpg,nozzle_tip_wrapped,660,1172,1,112.96656036376953,80.46582794189453,0.1445121005274589,0.06939574930189264,32.87124252319336,113.37257601613403,115.80969852104664,97.26197771227635,02fb67604d959b8272950dea448a69f19b6919ad3531130524bac71129c43f1f
train,/mnt/d/ruanjianxiazai/pycharm2026/datasets/dataset_2/train/images/nozzle_tip_wrapped_1206.jpg,/mnt/d/ruanjianxiazai/pycharm2026/datasets/dataset_2/train/labels/nozzle_tip_wrapped_1206.txt,nozzle_tip_wrapped_1206.jpg,nozzle_tip_wrapped,660,1172,1,139.78414916992188,88.83576202392578,0.2729276553935257,0.05348407281001138,32.94453048706055,141.5060308718585,141.44543127520944,126.7138419174682,f7648f5095921a0a051c064816604c5b010791815f855dce563e3b71f2c3acaf
train,/mnt/d/ruanjianxiazai/pycharm2026/datasets/dataset_2/train/images/nozzle_tip_wrapped_1169.jpg,/mnt/d/ruanjianxiazai/pycharm2026/datasets/dataset_2/train/labels/nozzle_tip_wrapped_1169.txt,nozzle_tip_wrapped_1169.jpg,nozzle_tip_wrapped,660,1172,1,95.36673736572266,70.8643569946289,0.07847760885303548,0.06892388044265177,32.990379333496094,97.3524136415348,98.04535112214293,76.3662271175923,90bc970f18960e209a8c5ca2ce50f4852f0d306db8d55c16601f720bde70d373
train,/mnt/d/ruanjianxiazai/pycharm2026/datasets/dataset_2/train/images/nozzle_tip_wrapped_1214.jpg,/mnt/d/ruanjianxiazai/pycharm2026/datasets/dataset_2/train/labels/nozzle_tip_wrapped_1214.txt,nozzle_tip_wrapped_1214.jpg,nozzle_tip_wrapped,660,1172,1,101.76777648925781,72.80680084228516,0.08555434895025339,0.0630817561278312,33.109527587890625,104.5036482573172,104.33188928534491,81.38916123694281,bec0dd3283452cb0087af118695c3b663a9705caefdc72c07e6da69b0ff3e6c1
train,/mnt/d/ruanjianxiazai/pycharm2026/datasets/dataset_2/train/images/nozzle_tip_wrapped_1246.jpg,/mnt/d/ruanjianxiazai/pycharm2026/datasets/dataset_2/train/labels/nozzle_tip_wrapped_1246.txt,nozzle_tip_wrapped_1246.jpg,nozzle_tip_wrapped,660,1172,1,87.84974670410156,69.72079467773438,0.07615963388147688,0.08602492501809908,33.29401779174805,91.27700253387114,90.28772623849416,66.30728358672044,ccf14efcdfb070264e274668e9eb77bf9a633aaab8488adfe295fa133db62d85
train,/mnt/d/ruanjianxiazai/pycharm2026/datasets/dataset_2/train/images/nozzle_tip_wrapped_1189.jpg,/mnt/d/ruanjianxiazai/pycharm2026/datasets/dataset_2/train/labels/nozzle_tip_wrapped_1189.txt,nozzle_tip_wrapped_1189.jpg,nozzle_tip_wrapped,660,1172,1,103.9220199584961,71.57527160644531,0.08052668321439653,0.054880287516806285,33.397605895996094,106.12827851897818,106.78899317406143,83.37301815079118,aa2beb48b5dc7401c554b94b2f69dc96527dcf2a16904ff1dc066501ca1f7375
train,/mnt/d/ruanjianxiazai/pycharm2026/datasets/dataset_2/train/images/nozzle_tip_wrapped_1187.jpg,/mnt/d/ruanjianxiazai/pycharm2026/datasets/dataset_2/train/labels/nozzle_tip_wrapped_1187.txt,nozzle_tip_wrapped_1187.jpg,nozzle_tip_wrapped,660,1172,1,96.6738052368164,67.62092590332031,0.06927034853656014,0.07299488054607509,33.489341735839844,100.07768900610198,99.46454261040438,73.37622298065985,d71cf6b0259a67d9f65d7e490e9e50fa0612d9f7d7bdbec0da367747c7dd288a
train,/mnt/d/ruanjianxiazai/pycharm2026/datasets/dataset_2/train/images/nozzle_tip_wrapped_1075.jpg,/mnt/d/ruanjianxiazai/pycharm2026/datasets/dataset_2/train/labels/nozzle_tip_wrapped_1075.txt,nozzle_tip_wrapped_1075.jpg,nozzle_tip_wrapped,660,1172,1,114.69263458251953,79.42242431640625,0.14757601613403662,0.06126150584341711,33.56688690185547,118.29352440790154,116.70459845899266,94.88835065673803,c8180593dbf18b929b96d6a01040d03576324ce39639bc38233065d1acefbc04
train,/mnt/d/ruanjianxiazai/pycharm2026/datasets/dataset_2/train/images/nozzle_tip_wrapped_1158.jpg,/mnt/d/ruanjianxiazai/pycharm2026/datasets/dataset_2/train/labels/nozzle_tip_wrapped_1158.txt,nozzle_tip_wrapped_1158.jpg,nozzle_tip_wrapped,660,1172,1,89.60040283203125,69.37162780761719,0.06798143551556521,0.08735132898955425,33.58445358276367,92.68402626952115,92.2718326610818,67.75712328058745,e11a2f95553d07a8b8d2e3605b4b9c261db43727225be99edca6e08993f52bb5
val,/mnt/d/ruanjianxiazai/pycharm2026/datasets/dataset_2/val/images/nozzle_tip_wrapped_1176.jpg,/mnt/d/ruanjianxiazai/pycharm2026/datasets/dataset_2/val/labels/nozzle_tip_wrapped_1176.txt,nozzle_tip_wrapped_1176.jpg,nozzle_tip_wrapped,660,1172,1,98.12482452392578,70.862060546875,0.07429284310683629,0.06807063812183266,33.62092971801758,100.05467085531079,101.05063734615783,77.99776476367774,53875a6ae11cd36adb6b69f1f495af7b1e6c52a33e6d9d897abb34b90b07f926
train,/mnt/d/ruanjianxiazai/pycharm2026/datasets/dataset_2/train/images/nozzle_tip_wrapped_1170.jpg,/mnt/d/ruanjianxiazai/pycharm2026/datasets/dataset_2/train/labels/nozzle_tip_wrapped_1170.txt,nozzle_tip_wrapped_1170.jpg,nozzle_tip_wrapped,660,1172,1,94.01671600341797,72.39471435546875,0.08260807736063709,0.07331032164649912,33.907928466796875,97.46212638328679,96.18592020891509,73.81055176336746,185b63edef58d7b95048b7cb9f8064448edc5c50e947acb76303b1bc1d461742
train,/mnt/d/ruanjianxiazai/pycharm2026/datasets/dataset_2/train/images/nozzle_tip_wrapped_1200.jpg,/mnt/d/ruanjianxiazai/pycharm2026/datasets/dataset_2/train/labels/nozzle_tip_wrapped_1200.txt,nozzle_tip_wrapped_1200.jpg,nozzle_tip_wrapped,660,1172,1,90.39392852783203,66.18922424316406,0.05870048608956459,0.06939316371910229,34.117164611816406,92.7286508429,93.06327050367153,70.52561019753853,bf788a54314ec7d98be6d33df8e87fadfded2b5da8366990e1285743498f8a7f
val,/mnt/d/ruanjianxiazai/pycharm2026/datasets/dataset_2/val/images/nozzle_tip_wrapped_1194.jpg,/mnt/d/ruanjianxiazai/pycharm2026/datasets/dataset_2/val/labels/nozzle_tip_wrapped_1194.txt,nozzle_tip_wrapped_1194.jpg,nozzle_tip_wrapped,660,1172,1,136.4032745361328,87.28903198242188,0.24468533457441308,0.05132252559726962,34.147335052490234,135.96511919536664,139.2264246561175,123.01557167235495,2912d77acf8c411a2f2c8d2b912b69832ccd8d898dd9dac8f78ae693d8eadc8c
train,/mnt/d/ruanjianxiazai/pycharm2026/datasets/dataset_2/train/images/nozzle_tip_wrapped_1241.jpg,/mnt/d/ruanjianxiazai/pycharm2026/datasets/dataset_2/train/labels/nozzle_tip_wrapped_1241.txt,nozzle_tip_wrapped_1241.jpg,nozzle_tip_wrapped,660,1172,1,116.72352600097656,78.62248229980469,0.15525519702140864,0.05491519288447616,34.22404479980469,119.45279242941359,118.63258609990692,99.73520658806495,ece3058ca4588c596cc4e7bfbfa7d4b21cd280222df8e98f3628f83037e6d434
train,/mnt/d/ruanjianxiazai/pycharm2026/datasets/dataset_2/train/images/nozzle_tip_wrapped_1188.jpg,/mnt/d/ruanjianxiazai/pycharm2026/datasets/dataset_2/train/labels/nozzle_tip_wrapped_1188.txt,nozzle_tip_wrapped_1188.jpg,nozzle_tip_wrapped,660,1172,1,108.61214447021484,72.89228057861328,0.07419588375219774,0.058449684558899574,34.32121658325195,110.22018564484435,112.02409763160617,86.82591658909918,bc5e904f5fd4443ed78e7883bbf18fc578b6e44f3a918d205288801d02f70f91
val,/mnt/d/ruanjianxiazai/pycharm2026/datasets/dataset_2/val/images/nozzle_tip_wrapped_1088.jpg,/mnt/d/ruanjianxiazai/pycharm2026/datasets/dataset_2/val/labels/nozzle_tip_wrapped_1088.txt,nozzle_tip_wrapped_1088.jpg,nozzle_tip_wrapped,660,1172,1,120.07657623291016,79.40888214111328,0.15528493122349776,0.05483762540076533,34.40766906738281,124.66315285965456,122.03598743406764,97.95768952321853,f1815e24908e44cae324849dbe208c97f37791d73d7fb5c8f20514aa3aa0d3b0
train,/mnt/d/ruanjianxiazai/pycharm2026/datasets/dataset_2/train/images/nozzle_tip_wrapped_1062.jpg,/mnt/d/ruanjianxiazai/pycharm2026/datasets/dataset_2/train/labels/nozzle_tip_wrapped_1062.txt,nozzle_tip_wrapped_1062.jpg,nozzle_tip_wrapped,660,1172,1,116.93279266357422,78.59369659423828,0.14462069500465405,0.05782268073223704,34.57160186767578,122.60081575137036,118.10784724376875,96.01616764918813,46b78c4050d53bfdc0d14fa07984dc1a9f42d1df748b122ec541b293b6675736
train,/mnt/d/ruanjianxiazai/pycharm2026/datasets/dataset_2/train/images/nozzle_tip_wrapped_1217.jpg,/mnt/d/ruanjianxiazai/pycharm2026/datasets/dataset_2/train/labels/nozzle_tip_wrapped_1217.txt,nozzle_tip_wrapped_1217.jpg,nozzle_tip_wrapped,660,1172,1,120.64987182617188,81.1607666015625,0.16453485365601406,0.06120074464784363,34.599674224853516,122.19143137863274,123.05028441410694,104.24660254421346,094100628eaa794da915d61a208a518b1233d9878f3f9a31f556d7c31f31f483
train,/mnt/d/ruanjianxiazai/pycharm2026/datasets/dataset_2/train/images/nozzle_tip_wrapped_1162.jpg,/mnt/d/ruanjianxiazai/pycharm2026/datasets/dataset_2/train/labels/nozzle_tip_wrapped_1162.txt,nozzle_tip_wrapped_1162.jpg,nozzle_tip_wrapped,660,1172,1,90.96200561523438,70.55018615722656,0.07298970938049436,0.08387630571930914,34.76095962524414,94.48944435825835,93.29301634088324,69.70749819009205,79b3e8cf2c6cbaeb18d20a672f04bd11efb6c138e3dd2600cf80afd2a2fb7179
train,/mnt/d/ruanjianxiazai/pycharm2026/datasets/dataset_2/train/images/nozzle_tip_wrapped_1267.jpg,/mnt/d/ruanjianxiazai/pycharm2026/datasets/dataset_2/train/labels/nozzle_tip_wrapped_1267.txt,nozzle_tip_wrapped_1267.jpg,nozzle_tip_wrapped,660,1172,1,97.91155242919922,73.74336242675781,0.09843830799462198,0.0760988726859034,35.080753326416016,98.39636725617954,101.17005765849622,79.8614799875892,68991a161dfe1ed3e54b57dcc823dc2ab917bb558be8a2d120218eb0a8dcd63a
train,/mnt/d/ruanjianxiazai/pycharm2026/datasets/dataset_2/train/images/nozzle_tip_wrapped_1196.jpg,/mnt/d/ruanjianxiazai/pycharm2026/datasets/dataset_2/train/labels/nozzle_tip_wrapped_1196.txt,nozzle_tip_wrapped_1196.jpg,nozzle_tip_wrapped,660,1172,1,112.00594329833984,71.81856536865234,0.06924578550005171,0.053778829248112524,35.097076416015625,111.6558472954804,115.67778079429104,94.01746819733168,2ad7d17fa213274e42e6ecc7c73795a2ba5e2aa044294a5b52aadd41eabff691
val,/mnt/d/ruanjianxiazai/pycharm2026/datasets/dataset_2/val/images/nozzle_tip_wrapped_1193.jpg,/mnt/d/ruanjianxiazai/pycharm2026/datasets/dataset_2/val/labels/nozzle_tip_wrapped_1193.txt,nozzle_tip_wrapped_1193.jpg,nozzle_tip_wrapped,660,1172,1,118.6970443725586,77.86786651611328,0.15022753128555177,0.05048738235598304,35.10635757446289,119.8465417830179,121.45251835763781,101.49381657875685,4cd5283eab74ed0bf57962cb20f11786b8cb4c0aff7ee7fcfba89157d5ad0f11
train,/mnt/d/ruanjianxiazai/pycharm2026/datasets/dataset_2/train/images/nozzle_tip_wrapped_1221.jpg,/mnt/d/ruanjianxiazai/pycharm2026/datasets/dataset_2/train/labels/nozzle_tip_wrapped_1221.txt,nozzle_tip_wrapped_1221.jpg,nozzle_tip_wrapped,660,1172,1,103.85614013671875,69.0033950805664,0.06594141069397041,0.06165710001034233,35.18440628051758,105.24401437584031,106.91084264143137,84.48700873926983,3ead3df417287a606e85fa91306841f729b83f8aea0e907dee65a2a6c3790c55
val,/mnt/d/ruanjianxiazai/pycharm2026/datasets/dataset_2/val/images/nozzle_tip_wrapped_1167.jpg,/mnt/d/ruanjianxiazai/pycharm2026/datasets/dataset_2/val/labels/nozzle_tip_wrapped_1167.txt,nozzle_tip_wrapped_1167.jpg,nozzle_tip_wrapped,660,1172,1,126.79884338378906,85.81924438476562,0.21243536043024097,0.06510756024407902,35.29697036743164,127.8008855621057,129.3342576791809,111.1154798841659,7af34028703730650ca731658df3eef777d2fccb02eac68b1103cc54c2adca84
train,/mnt/d/ruanjianxiazai/pycharm2026/datasets/dataset_2/train/images/nozzle_tip_wrapped_1151.jpg,/mnt/d/ruanjianxiazai/pycharm2026/datasets/dataset_2/train/labels/nozzle_tip_wrapped_1151.txt,nozzle_tip_wrapped_1151.jpg,nozzle_tip_wrapped,660,1172,1,124.00273132324219,84.01968383789062,0.16629563553624988,0.06713336436032681,35.37070083618164,124.3992217395801,126.96234098665839,107.72345123590857,d263e456ffffd7bcabbaba7e910208913a949a9f48be7327769b4912453e23c5
train,/mnt/d/ruanjianxiazai/pycharm2026/datasets/dataset_2/train/images/nozzle_tip_wrapped_1147.jpg,/mnt/d/ruanjianxiazai/pycharm2026/datasets/dataset_2/train/labels/nozzle_tip_wrapped_1147.txt,nozzle_tip_wrapped_1147.jpg,nozzle_tip_wrapped,660,1172,1,104.27427673339844,71.73406982421875,0.08351820250284414,0.07010549177784672,35.510955810546875,105.40958734098666,107.80103423311614,83.13692729341193,084d69688b60cee9ebc4308805ad4cf8e1711a56b10e05f893d0aba9e5992830
train,/mnt/d/ruanjianxiazai/pycharm2026/datasets/dataset_2/train/images/nozzle_tip_wrapped_1209.jpg,/mnt/d/ruanjianxiazai/pycharm2026/datasets/dataset_2/train/labels/nozzle_tip_wrapped_1209.txt,nozzle_tip_wrapped_1209.jpg,nozzle_tip_wrapped,660,1172,1,92.61927795410156,72.29883575439453,0.08622918605853759,0.07676466025442134,35.57978439331055,95.37801478953357,94.70283250594684,74.65510781880236,200460a7cb1f729905c7b69b1f75933e699bff2c2f965bd097c3e22268548060
train,/mnt/d/ruanjianxiazai/pycharm2026/datasets/dataset_2/train/images/nozzle_tip_wrapped_1164.jpg,/mnt/d/ruanjianxiazai/pycharm2026/datasets/dataset_2/train/labels/nozzle_tip_wrapped_1164.txt,nozzle_tip_wrapped_1164.jpg,nozzle_tip_wrapped,660,1172,1,118.11486053466797,84.85260009765625,0.16298867514737822,0.07390888406246768,35.648502349853516,119.11258532423209,120.81820250284414,101.5781919019547,44dbd20e1cd26300e89678c8b1fb77b6e85ba45c7f9e0e65d03dad0c62c325d4
train,/mnt/d/ruanjianxiazai/pycharm2026/datasets/dataset_2/train/images/nozzle_tip_wrapped_1077.jpg,/mnt/d/ruanjianxiazai/pycharm2026/datasets/dataset_2/train/labels/nozzle_tip_wrapped_1077.txt,nozzle_tip_wrapped_1077.jpg,nozzle_tip_wrapped,660,1172,1,103.90155792236328,70.40214538574219,0.037352621780949426,0.06172949632847244,35.89826583862305,107.69490252352881,106.15875478332816,82.32976005791706,fc24dee5b10d8d9423ae9a4734520095f22459a594a222e27993ca9632b132f2
train,/mnt/d/ruanjianxiazai/pycharm2026/datasets/dataset_2/train/images/nozzle_tip_wrapped_1094.jpg,/mnt/d/ruanjianxiazai/pycharm2026/datasets/dataset_2/train/labels/nozzle_tip_wrapped_1094.txt,nozzle_tip_wrapped_1094.jpg,nozzle_tip_wrapped,660,1172,1,102.42738342285156,68.8795166015625,0.06372298065984072,0.07468326610818078,35.93406677246094,102.90856862136725,106.10735856862136,82.21671708553107,43cff84b341c6618fc372bbccdba5920d4b04bfc8bb0dc3d76b217708e28b4db
train,/mnt/d/ruanjianxiazai/pycharm2026/datasets/dataset_2/train/images/nozzle_tip_wrapped_1064.jpg,/mnt/d/ruanjianxiazai/pycharm2026/datasets/dataset_2/train/labels/nozzle_tip_wrapped_1064.txt,nozzle_tip_wrapped_1064.jpg,nozzle_tip_wrapped,660,1172,1,106.51599884033203,73.31363677978516,0.059500723963181304,0.060955114282759335,35.968753814697266,112.37280484021099,107.7664973109939,84.71577076222981,1450e50c5c4b7243ef85d9a05d778a879b7b076a312a16312d9c2e3be4b8259e
train,/mnt/d/ruanjianxiazai/pycharm2026/datasets/dataset_2/train/images/nozzle_clean_0109.jpg,/mnt/d/ruanjianxiazai/pycharm2026/datasets/dataset_2/train/labels/nozzle_clean_0109.txt,nozzle_clean_0109.jpg,nozzle_clean,660,1172,1,107.135009765625,68.98165130615234,0.054086513600165476,0.06685541421036302,36.397865295410156,109.36334807115524,108.15106267452684,96.05870436446375,46db6adae87f3d6f0977dd91f3e73f553df6de3aa81c2f083400ff371dae2880
val,/mnt/d/ruanjianxiazai/pycharm2026/datasets/dataset_2/val/images/nozzle_no_extrusion_0102.jpg,/mnt/d/ruanjianxiazai/pycharm2026/datasets/dataset_2/val/labels/nozzle_no_extrusion_0102.txt,nozzle_no_extrusion_0102.jpg,nozzle_no_extrusion,660,1172,1,107.135009765625,68.98165130615234,0.054086513600165476,0.06685541421036302,36.397865295410156,109.36334807115524,108.15106267452684,96.05870436446375,46db6adae87f3d6f0977dd91f3e73f553df6de3aa81c2f083400ff371dae2880
train,/mnt/d/ruanjianxiazai/pycharm2026/datasets/dataset_2/train/images/nozzle_tip_wrapped_1071.jpg,/mnt/d/ruanjianxiazai/pycharm2026/datasets/dataset_2/train/labels/nozzle_tip_wrapped_1071.txt,nozzle_tip_wrapped_1071.jpg,nozzle_tip_wrapped,660,1172,1,104.38235473632812,71.4258804321289,0.07585841348639984,0.06093572241183163,36.47105026245117,108.52786094735754,106.61237201365188,82.02683188540698,68152796af94b4d0c1e5b536ac3c2d730a6973da833cac0116282d32f608f548
train,/mnt/d/ruanjianxiazai/pycharm2026/datasets/dataset_2/train/images/nozzle_tip_wrapped_1084.jpg,/mnt/d/ruanjianxiazai/pycharm2026/datasets/dataset_2/train/labels/nozzle_tip_wrapped_1084.txt,nozzle_tip_wrapped_1084.jpg,nozzle_tip_wrapped,660,1172,1,97.5912094116211,66.5805435180664,0.04808537594373772,0.06324076946943841,36.54652404785156,101.56459690764298,100.22775881683731,73.59394068673079,7e710e6d695a1f04769bfe8cad16096337fbce49bf11eb4960473fa97a68da98
train,/mnt/d/ruanjianxiazai/pycharm2026/datasets/dataset_2/train/images/nozzle_tip_wrapped_1155.jpg,/mnt/d/ruanjianxiazai/pycharm2026/datasets/dataset_2/train/labels/nozzle_tip_wrapped_1155.txt,nozzle_tip_wrapped_1155.jpg,nozzle_tip_wrapped,660,1172,1,108.05546569824219,72.13855743408203,0.07457984279656635,0.06598148722722101,36.830108642578125,109.25455708966801,111.21224402730375,88.65579946219879,8df93ba6567435547de9da5f76f235898ab3470fe77bc98579a1ceb2d5ee4da6
train,/mnt/d/ruanjianxiazai/pycharm2026/datasets/dataset_2/train/images/nozzle_tip_wrapped_1202.jpg,/mnt/d/ruanjianxiazai/pycharm2026/datasets/dataset_2/train/labels/nozzle_tip_wrapped_1202.txt,nozzle_tip_wrapped_1202.jpg,nozzle_tip_wrapped,660,1172,1,105.30094146728516,72.22404479980469,0.08265591064225876,0.06123306443272314,37.07085037231445,109.77122634191747,106.80851303133727,85.81356526010963,a49c9381ed98d4807674d8684d8ef5827b93a97743d7b376b276d4ad9d8156ea
train,/mnt/d/ruanjianxiazai/pycharm2026/datasets/dataset_2/train/images/nozzle_tip_wrapped_1070.jpg,/mnt/d/ruanjianxiazai/pycharm2026/datasets/dataset_2/train/labels/nozzle_tip_wrapped_1070.txt,nozzle_tip_wrapped_1070.jpg,nozzle_tip_wrapped,660,1172,1,96.73392486572266,62.139041900634766,0.037006153687041056,0.06184972592822422,37.10901641845703,101.51079351535836,99.05582273244389,72.2493561898852,bb19deda3744eb5b8e4ea789cf74a082065ea19e700b11fac5eb74705d8dd31c
train,/mnt/d/ruanjianxiazai/pycharm2026/datasets/dataset_2/train/images/nozzle_tip_wrapped_1232.jpg,/mnt/d/ruanjianxiazai/pycharm2026/datasets/dataset_2/train/labels/nozzle_tip_wrapped_1232.txt,nozzle_tip_wrapped_1232.jpg,nozzle_tip_wrapped,660,1172,1,94.26236724853516,66.77984619140625,0.06736477402006412,0.06416640810838763,37.1412239074707,94.54088323508118,97.90617695728618,74.76947202399421,4f8085bdeecb32229fbaf5dd4d86332b897779d25760b104400ebf22677134e4
train,/mnt/d/ruanjianxiazai/pycharm2026/datasets/dataset_2/train/images/nozzle_tip_wrapped_1183.jpg,/mnt/d/ruanjianxiazai/pycharm2026/datasets/dataset_2/train/labels/nozzle_tip_wrapped_1183.txt,nozzle_tip_wrapped_1183.jpg,nozzle_tip_wrapped,660,1172,1,98.54287719726562,69.37296295166016,0.07165167028648257,0.06312829661805772,37.26629638671875,100.96675328369014,101.44437765022236,77.24528389699039,60b3c8b3835f29db23941ac76ce29112e6967cbb04cb99e6f8ed6a863a5434ba
train,/mnt/d/ruanjianxiazai/pycharm2026/datasets/dataset_2/train/images/nozzle_tip_wrapped_1212.jpg,/mnt/d/ruanjianxiazai/pycharm2026/datasets/dataset_2/train/labels/nozzle_tip_wrapped_1212.txt,nozzle_tip_wrapped_1212.jpg,nozzle_tip_wrapped,660,1172,1,106.20925903320312,73.04061889648438,0.10318673078911987,0.06855414210363016,37.351863861083984,108.59021744751267,108.98936291240045,85.64930577102079,256674dc8ae18a91ddddce0eafe17f0058486cbdd7455cc720b182d30dc0462c
train,/mnt/d/ruanjianxiazai/pycharm2026/datasets/dataset_2/train/images/nozzle_tip_wrapped_1078.jpg,/mnt/d/ruanjianxiazai/pycharm2026/datasets/dataset_2/train/labels/nozzle_tip_wrapped_1078.txt,nozzle_tip_wrapped_1078.jpg,nozzle_tip_wrapped,660,1172,1,91.10028839111328,61.13842010498047,0.03675535215637605,0.06282319784879511,37.352149963378906,95.44657798117696,93.4454390319578,67.62531414830903,32f13cd43c922486dc5ad90176e548273e2249982327122c27e80799688b5e54
train,/mnt/d/ruanjianxiazai/pycharm2026/datasets/dataset_2/train/images/nozzle_tip_wrapped_1149.jpg,/mnt/d/ruanjianxiazai/pycharm2026/datasets/dataset_2/train/labels/nozzle_tip_wrapped_1149.txt,nozzle_tip_wrapped_1149.jpg,nozzle_tip_wrapped,660,1172,1,98.61540222167969,70.86498260498047,0.07720550212017789,0.06725230116868341,37.40461349487305,100.51214060399214,101.74611774744027,77.52010290619505,a1f3fa27bb3d67af4dee5a945491bcc2854d075cf465388953f2379b3b26fad2
train,/mnt/d/ruanjianxiazai/pycharm2026/datasets/dataset_2/train/images/nozzle_tip_wrapped_1190.jpg,/mnt/d/ruanjianxiazai/pycharm2026/datasets/dataset_2/train/labels/nozzle_tip_wrapped_1190.txt,nozzle_tip_wrapped_1190.jpg,nozzle_tip_wrapped,660,1172,1,115.13538360595703,75.9974594116211,0.12242734512359085,0.05181895749301892,37.467185974121094,115.82451003206123,118.30304710931844,97.0172484227945,af95c81eefb9383954a6080693b16829ce2a10cb7757791c52189d112928547c
train,/mnt/d/ruanjianxiazai/pycharm2026/datasets/dataset_2/train/images/nozzle_tip_wrapped_1076.jpg,/mnt/d/ruanjianxiazai/pycharm2026/datasets/dataset_2/train/labels/nozzle_tip_wrapped_1076.txt,nozzle_tip_wrapped_1076.jpg,nozzle_tip_wrapped,660,1172,1,123.06309509277344,86.7862777709961,0.20306779398076327,0.06117876719412556,37.54695129394531,126.22611309339125,125.01851923673595,104.698390474713,264d0e0f97e6f56acce16667f1818ddfeb7e22f14615bd37bb27583a36ae6fd2
train,/mnt/d/ruanjianxiazai/pycharm2026/datasets/dataset_2/train/images/nozzle_tip_wrapped_1069.jpg,/mnt/d/ruanjianxiazai/pycharm2026/datasets/dataset_2/train/labels/nozzle_tip_wrapped_1069.txt,nozzle_tip_wrapped_1069.jpg,nozzle_tip_wrapped,660,1172,1,108.39694213867188,68.48014068603516,0.06613274382045713,0.06391172820353708,37.56351852416992,112.77866377081394,110.78401980556417,84.6131994001448,dafb28065cc2b71b2218e9e8a2036b13401fc7901654c40baa90a874ba856682
train,/mnt/d/ruanjianxiazai/pycharm2026/datasets/dataset_2/train/images/nozzle_tip_wrapped_1185.jpg,/mnt/d/ruanjianxiazai/pycharm2026/datasets/dataset_2/train/labels/nozzle_tip_wrapped_1185.txt,nozzle_tip_wrapped_1185.jpg,nozzle_tip_wrapped,660,1172,1,89.05311584472656,66.04322814941406,0.05193660150998035,0.08238959561485158,37.7094841003418,92.32550289585272,91.89548040128246,65.83459251215224,26c756588985ffd6795ebf2af631a4d047e2ef17ae8bfe5384a874391369dcc9
train,/mnt/d/ruanjianxiazai/pycharm2026/datasets/dataset_2/train/images/nozzle_tip_wrapped_1160.jpg,/mnt/d/ruanjianxiazai/pycharm2026/datasets/dataset_2/train/labels/nozzle_tip_wrapped_1160.txt,nozzle_tip_wrapped_1160.jpg,nozzle_tip_wrapped,660,1172,1,98.60098266601562,73.1041030883789,0.0845731202813114,0.08158418657565415,37.74014663696289,101.51414443065467,101.35734176233323,76.7674617333747,b26d69d3801acf0d7ee080136c37abc78255ae22421d8dc9597d013fa7f54261
train,/mnt/d/ruanjianxiazai/pycharm2026/datasets/dataset_2/train/images/nozzle_tip_wrapped_1201.jpg,/mnt/d/ruanjianxiazai/pycharm2026/datasets/dataset_2/train/labels/nozzle_tip_wrapped_1201.txt,nozzle_tip_wrapped_1201.jpg,nozzle_tip_wrapped,660,1172,1,100.5602035522461,72.65365600585938,0.08806753542248423,0.0637708139414624,37.826995849609375,105.16027639880029,102.10068388664806,80.56294730582273,f07283eb51171a884550944465f22a4e48d0745672919417cb114f03493e40d6
train,/mnt/d/ruanjianxiazai/pycharm2026/datasets/dataset_2/train/images/nozzle_tip_wrapped_1097.jpg,/mnt/d/ruanjianxiazai/pycharm2026/datasets/dataset_2/train/labels/nozzle_tip_wrapped_1097.txt,nozzle_tip_wrapped_1097.jpg,nozzle_tip_wrapped,660,1172,1,120.61296844482422,84.1768569946289,0.1475979935877547,0.0676310890474713,37.9818000793457,119.79968068052538,123.99335763781156,105.34004421346572,0be1c1fc0a1fe9638210a80f0d04b15f73eaf73e6aaf47335fc21fef7bfd613b
train,/mnt/d/ruanjianxiazai/pycharm2026/datasets/dataset_2/train/images/nozzle_tip_wrapped_1274.jpg,/mnt/d/ruanjianxiazai/pycharm2026/datasets/dataset_2/train/labels/nozzle_tip_wrapped_1274.txt,nozzle_tip_wrapped_1274.jpg,nozzle_tip_wrapped,660,1172,1,130.34228515625,91.57584381103516,0.22867669872789326,0.06795816527045195,38.127830505371094,129.3204700589513,133.24806210569864,118.0601393629124,6c4774f0437e65346c751af14ec97a9fc2e55cd0475b7c53d4b8f93dd198e7b0
train,/mnt/d/ruanjianxiazai/pycharm2026/datasets/dataset_2/train/images/nozzle_tip_wrapped_1148.jpg,/mnt/d/ruanjianxiazai/pycharm2026/datasets/dataset_2/train/labels/nozzle_tip_wrapped_1148.txt,nozzle_tip_wrapped_1148.jpg,nozzle_tip_wrapped,660,1172,1,101.32098388671875,71.2157211303711,0.07619324645775158,0.0674656117488882,38.238372802734375,103.00153842176026,104.73207156893163,79.3490898748578,bb627a83c94eeb5061d57d72097cd68fb44cd433879cac2ff38b271d82750f23
train,/mnt/d/ruanjianxiazai/pycharm2026/datasets/dataset_2/train/images/nozzle_tip_wrapped_1181.jpg,/mnt/d/ruanjianxiazai/pycharm2026/datasets/dataset_2/train/labels/nozzle_tip_wrapped_1181.txt,nozzle_tip_wrapped_1181.jpg,nozzle_tip_wrapped,660,1172,1,134.9528045654297,85.63467407226562,0.2319190195470059,0.05576843520529527,38.250694274902344,133.60901592719,138.67928560347502,119.2891883855621,2ec94d137025a42af3a80dc7b2b69bef3a1965941d5cc6390cf7af1a5c45438d
val,/mnt/d/ruanjianxiazai/pycharm2026/datasets/dataset_2/val/images/nozzle_tip_wrapped_1290.jpg,/mnt/d/ruanjianxiazai/pycharm2026/datasets/dataset_2/val/labels/nozzle_tip_wrapped_1290.txt,nozzle_tip_wrapped_1290.jpg,nozzle_tip_wrapped,660,1172,1,83.48578643798828,75.58719635009766,0.09231435515565209,0.12560373358154928,38.30654525756836,85.70598562415968,85.46241209018513,67.48477479573896,30b0c881da839a43047e4961448edd09f9e0f57a1ef822781da506954a9fd081
train,/mnt/d/ruanjianxiazai/pycharm2026/datasets/dataset_2/train/images/nozzle_tip_wrapped_1163.jpg,/mnt/d/ruanjianxiazai/pycharm2026/datasets/dataset_2/train/labels/nozzle_tip_wrapped_1163.txt,nozzle_tip_wrapped_1163.jpg,nozzle_tip_wrapped,660,1172,1,92.39392852783203,70.40011596679688,0.06810554348950254,0.08136441203847347,38.32518768310547,95.92116816630468,94.7289184507188,71.11953924914675,75e5cfa580717dd0aa099169f52e810531d68fdc96775c27b4e58b14ea024cc8
train,/mnt/d/ruanjianxiazai/pycharm2026/datasets/dataset_2/train/images/nozzle_tip_wrapped_1154.jpg,/mnt/d/ruanjianxiazai/pycharm2026/datasets/dataset_2/train/labels/nozzle_tip_wrapped_1154.txt,nozzle_tip_wrapped_1154.jpg,nozzle_tip_wrapped,660,1172,1,130.0506134033203,87.40277099609375,0.22464836074051092,0.06527950149963802,38.5970573425293,130.4192354431689,132.93687558175614,114.22208216982108,12e28f53166cd92f7cebe6776c0f2f0e15d40e4b9e26969e99a37327111e42b6
train,/mnt/d/ruanjianxiazai/pycharm2026/datasets/dataset_2/train/images/nozzle_tip_wrapped_1195.jpg,/mnt/d/ruanjianxiazai/pycharm2026/datasets/dataset_2/train/labels/nozzle_tip_wrapped_1195.txt,nozzle_tip_wrapped_1195.jpg,nozzle_tip_wrapped,660,1172,1,101.81647491455078,65.3316879272461,0.06580049643189576,0.05273942496638742,38.702880859375,103.14044239321544,104.94751784052126,82.2218598097011,65046d1c886948e04f1fba1ac1719c41eb9d1eb1cfd5f74e924324aa36575cf1
train,/mnt/d/ruanjianxiazai/pycharm2026/datasets/dataset_2/train/images/nozzle_tip_wrapped_1080.jpg,/mnt/d/ruanjianxiazai/pycharm2026/datasets/dataset_2/train/labels/nozzle_tip_wrapped_1080.txt,nozzle_tip_wrapped_1080.jpg,nozzle_tip_wrapped,660,1172,1,105.79360961914062,69.69866943359375,0.06767633674630262,0.06830075499017478,38.829708099365234,108.95062441824388,108.51199322577308,83.51607327541628,25422d71dc7ae5a1ae2e4afe1c64d44ff186b03b096a0eec1ab17de19c6bad1a
train,/mnt/d/ruanjianxiazai/pycharm2026/datasets/dataset_2/train/images/nozzle_tip_wrapped_1204.jpg,/mnt/d/ruanjianxiazai/pycharm2026/datasets/dataset_2/train/labels/nozzle_tip_wrapped_1204.txt,nozzle_tip_wrapped_1204.jpg,nozzle_tip_wrapped,660,1172,1,120.74305725097656,79.26200103759766,0.16034491674423415,0.054164081083876305,38.975040435791016,125.17721325886855,121.92227738132175,103.04105905471093,df5f7f554ef59dcb34f1b6ca9793b1ae3ddb66e4e7ffb2e0fd2f4a2389e8effc
train,/mnt/d/ruanjianxiazai/pycharm2026/datasets/dataset_2/train/images/nozzle_tip_wrapped_1156.jpg,/mnt/d/ruanjianxiazai/pycharm2026/datasets/dataset_2/train/labels/nozzle_tip_wrapped_1156.txt,nozzle_tip_wrapped_1156.jpg,nozzle_tip_wrapped,660,1172,1,97.1744155883789,73.17683410644531,0.08588142517323405,0.06840288551039404,39.05898666381836,98.91511919536664,100.1005869272934,77.54154643706691,5f5f098ecbbbff309f68f423cf4de44ed5f69741dc4bce5fee58c5f6ac7cf5a1
val,/mnt/d/ruanjianxiazai/pycharm2026/datasets/dataset_2/val/images/nozzle_clean_0102.jpg,/mnt/d/ruanjianxiazai/pycharm2026/datasets/dataset_2/val/labels/nozzle_clean_0102.txt,nozzle_clean_0102.jpg,nozzle_clean,660,1172,1,122.70230865478516,58.4334716796875,0.059567949115730684,0.022361412762436653,39.25226593017578,124.08417106215741,124.53374056262281,109.6476135070845,933da0bae778012be6219115b839a4fbd69f0dd7641f03d00db19fccaa95b2de
train,/mnt/d/ruanjianxiazai/pycharm2026/datasets/dataset_2/train/images/nozzle_tip_wrapped_1044.jpg,/mnt/d/ruanjianxiazai/pycharm2026/datasets/dataset_2/train/labels/nozzle_tip_wrapped_1044.txt,nozzle_tip_wrapped_1044.jpg,nozzle_tip_wrapped,660,1172,1,104.45996856689453,65.76825714111328,0.04277588168373151,0.06511014582686937,39.36037063598633,111.40636699762126,105.67184429620437,80.00071491364153,5c843e4cb007f3c6941ebf743dd3b9d4b6efde5f3a7dab5a4d22f23ab40bfb64
train,/mnt/d/ruanjianxiazai/pycharm2026/datasets/dataset_2/train/images/nozzle_extrusion_normal_0953.jpg,/mnt/d/ruanjianxiazai/pycharm2026/datasets/dataset_2/train/labels/nozzle_extrusion_normal_0953.txt,nozzle_extrusion_normal_0953.jpg,nozzle_extrusion_normal,660,1172,1,140.4126434326172,88.1145248413086,0.26137010032061225,0.052935929258454854,39.39583969116211,140.1942302720033,143.14274614748163,126.92792687971868,68a51a556b69a8487ddf1065a0de5ca0ced4b93a4784f3f4c2c1a42f6f809823
train,/mnt/d/ruanjianxiazai/pycharm2026/datasets/dataset_2/train/images/nozzle_tip_wrapped_1105.jpg,/mnt/d/ruanjianxiazai/pycharm2026/datasets/dataset_2/train/labels/nozzle_tip_wrapped_1105.txt,nozzle_tip_wrapped_1105.jpg,nozzle_tip_wrapped,660,1172,1,98.0935287475586,68.28777313232422,0.059130985624159686,0.0693324025235288,39.56730651855469,103.19402471817148,99.89266987278933,75.45187325473162,ab6fe9c341180155048e0d630fb9215f3272a51990c94206a5c12060e02be523
train,/mnt/d/ruanjianxiazai/pycharm2026/datasets/dataset_2/train/images/nozzle_tip_wrapped_1063.jpg,/mnt/d/ruanjianxiazai/pycharm2026/datasets/dataset_2/train/labels/nozzle_tip_wrapped_1063.txt,nozzle_tip_wrapped_1063.jpg,nozzle_tip_wrapped,660,1172,1,117.82627868652344,86.04949951171875,0.18945211500672252,0.06076378115627262,39.65679931640625,122.7952515772055,118.91852311511015,99.16949658703072,df6eb8a10a96f1a381378e8132708d282bcc4e3681de8c8dcab618f656393433
train,/mnt/d/ruanjianxiazai/pycharm2026/datasets/dataset_2/train/images/nozzle_tip_wrapped_1066.jpg,/mnt/d/ruanjianxiazai/pycharm2026/datasets/dataset_2/train/labels/nozzle_tip_wrapped_1066.txt,nozzle_tip_wrapped_1066.jpg,nozzle_tip_wrapped,660,1172,1,95.37753295898438,61.98459243774414,0.03609344296204364,0.0630028958527252,39.76174545288086,101.46311019753853,96.9723420208915,71.20446400868755,11fab807f6bc0d2ff0878e4d76652005436dccb6aee288d93508101c90785dc9
train,/mnt/d/ruanjianxiazai/pycharm2026/datasets/dataset_2/train/images/nozzle_tip_wrapped_1207.jpg,/mnt/d/ruanjianxiazai/pycharm2026/datasets/dataset_2/train/labels/nozzle_tip_wrapped_1207.txt,nozzle_tip_wrapped_1207.jpg,nozzle_tip_wrapped,660,1172,1,99.9916000366211,67.19612121582031,0.07330127210673286,0.05653376771124211,40.01802062988281,102.90841607198263,102.16479470472645,81.15138457958423,fb88f4afd1617cd7110d936d70c7f78e43047bf130e443c29f6c7fb9c1c6a4d1
train,/mnt/d/ruanjianxiazai/pycharm2026/datasets/dataset_2/train/images/nozzle_tip_wrapped_1095.jpg,/mnt/d/ruanjianxiazai/pycharm2026/datasets/dataset_2/train/labels/nozzle_tip_wrapped_1095.txt,nozzle_tip_wrapped_1095.jpg,nozzle_tip_wrapped,660,1172,1,90.30847930908203,63.61562728881836,0.04088452787258248,0.07160383700486089,40.126197814941406,91.4243005998552,93.82140474713,69.29344425483504,7bb55e016e866cc292a2039c86924542a764955db12412e1a52bb4229053e051
train,/mnt/d/ruanjianxiazai/pycharm2026/datasets/dataset_2/train/images/nozzle_tip_wrapped_1279.jpg,/mnt/d/ruanjianxiazai/pycharm2026/datasets/dataset_2/train/labels/nozzle_tip_wrapped_1279.txt,nozzle_tip_wrapped_1279.jpg,nozzle_tip_wrapped,660,1172,1,89.10270690917969,74.42041015625,0.09317147585065674,0.10366506360533664,40.238468170166016,89.53606112317716,92.25381890578136,71.74065053263006,9b4df5a5b52d5e62a065f2210fbbfe9a3c2c39d93dfbda0ac64ec32f26ab3ac7
train,/mnt/d/ruanjianxiazai/pycharm2026/datasets/dataset_2/train/images/nozzle_tip_wrapped_1086.jpg,/mnt/d/ruanjianxiazai/pycharm2026/datasets/dataset_2/train/labels/nozzle_tip_wrapped_1086.txt,nozzle_tip_wrapped_1086.jpg,nozzle_tip_wrapped,660,1172,1,116.3213882446289,79.62586212158203,0.1438101147998759,0.06313993174061433,40.32210922241211,119.62692496638742,118.55528622401489,96.14896835246664,ba0ad8bc2b93cca72b7d1bbf2b5c09f5236d8d39c578aa2269027e68abc9a259
train,/mnt/d/ruanjianxiazai/pycharm2026/datasets/dataset_2/train/images/nozzle_tip_wrapped_1072.jpg,/mnt/d/ruanjianxiazai/pycharm2026/datasets/dataset_2/train/labels/nozzle_tip_wrapped_1072.txt,nozzle_tip_wrapped_1072.jpg,nozzle_tip_wrapped,660,1172,1,124.96705627441406,84.98540496826172,0.17728177681249355,0.061368807529217084,40.343360900878906,128.2960893060296,126.85749431171786,106.50153454338609,edd40a08cf65958a5786ad89d112acbdcea4f9e8b070b74bb181e7e8db378717
train,/mnt/d/ruanjianxiazai/pycharm2026/datasets/dataset_2/train/images/nozzle_tip_wrapped_1032.jpg,/mnt/d/ruanjianxiazai/pycharm2026/datasets/dataset_2/train/labels/nozzle_tip_wrapped_1032.txt,nozzle_tip_wrapped_1032.jpg,nozzle_tip_wrapped,660,1172,1,102.67750549316406,70.08263397216797,0.028952063295066707,0.07060580204778157,40.46372604370117,107.85375426621161,103.83616713207157,83.13513548453821,9fdd75be350dfb16accb930397c588d9d12d4d6b0af759f8d32fedd11e35d86b
train,/mnt/d/ruanjianxiazai/pycharm2026/datasets/dataset_2/train/images/nozzle_tip_wrapped_1056.jpg,/mnt/d/ruanjianxiazai/pycharm2026/datasets/dataset_2/train/labels/nozzle_tip_wrapped_1056.txt,nozzle_tip_wrapped_1056.jpg,nozzle_tip_wrapped,660,1172,1,101.4698715209961,67.96122741699219,0.055137553004447205,0.07120048608956459,40.47755813598633,105.02589461164547,104.224247595408,77.9604884165891,eeae0aeb10c7a09a51ac6b05580e209f1ed5b11f2d45ac95adad12242375697e
val,/mnt/d/ruanjianxiazai/pycharm2026/datasets/dataset_2/val/images/nozzle_tip_wrapped_1184.jpg,/mnt/d/ruanjianxiazai/pycharm2026/datasets/dataset_2/val/labels/nozzle_tip_wrapped_1184.txt,nozzle_tip_wrapped_1184.jpg,nozzle_tip_wrapped,660,1172,1,84.92265319824219,64.53321075439453,0.05089461164546489,0.08691824387216879,40.51028060913086,88.50640190298893,87.54472023994208,62.021824904333435,5aedfb5d4fbe9d28ebc0d518728aa576db43a4895e3d8e14edf1cc8f400b6dce
train,/mnt/d/ruanjianxiazai/pycharm2026/datasets/dataset_2/train/images/nozzle_extrusion_normal_0250.jpg,/mnt/d/ruanjianxiazai/pycharm2026/datasets/dataset_2/train/labels/nozzle_extrusion_normal_0250.txt,nozzle_extrusion_normal_0250.jpg,nozzle_extrusion_normal,660,1172,1,122.40345764160156,63.61738967895508,0.048513289895542454,0.01640035163925949,40.63930130004883,126.07499353604302,125.6493018926466,96.06042636260213,e793839e26d9df6b12e9b54e65c798a996beec0be2d12be25a75a92bdf05e23c
train,/mnt/d/ruanjianxiazai/pycharm2026/datasets/dataset_2/train/images/nozzle_tip_wrapped_1208.jpg,/mnt/d/ruanjianxiazai/pycharm2026/datasets/dataset_2/train/labels/nozzle_tip_wrapped_1208.txt,nozzle_tip_wrapped_1208.jpg,nozzle_tip_wrapped,660,1172,1,99.9726791381836,68.7072525024414,0.07693530871858517,0.060487123797704004,40.70064163208008,102.8394572861723,102.1044265177371,81.47694306546695,284cd4eedc51689b20566611a5d8957d50cc1a9ff7d3654833687df7cfb8fd1c
train,/mnt/d/ruanjianxiazai/pycharm2026/datasets/dataset_2/train/images/nozzle_clean_0921.jpg,/mnt/d/ruanjianxiazai/pycharm2026/datasets/dataset_2/train/labels/nozzle_clean_0921.txt,nozzle_clean_0921.jpg,nozzle_clean,654,1106,1,110.29279327392578,62.242225646972656,0.03935442484972156,0.028822491718787153,40.707523345947266,116.39579220377037,111.83384071315206,86.35076397299136,2aa185080b794ece5ad9888cd091da3d8e4aeaab133d9b94ee5669c0c4081ed6
train,/mnt/d/ruanjianxiazai/pycharm2026/datasets/dataset_2/train/images/nozzle_no_extrusion_0914.jpg,/mnt/d/ruanjianxiazai/pycharm2026/datasets/dataset_2/train/labels/nozzle_no_extrusion_0914.txt,nozzle_no_extrusion_0914.jpg,nozzle_no_extrusion,654,1106,1,110.29279327392578,62.242225646972656,0.03935442484972156,0.028822491718787153,40.707523345947266,116.39579220377037,111.83384071315206,86.35076397299136,2aa185080b794ece5ad9888cd091da3d8e4aeaab133d9b94ee5669c0c4081ed6
train,/mnt/d/ruanjianxiazai/pycharm2026/datasets/dataset_2/train/images/nozzle_tip_wrapped_1182.jpg,/mnt/d/ruanjianxiazai/pycharm2026/datasets/dataset_2/train/labels/nozzle_tip_wrapped_1182.txt,nozzle_tip_wrapped_1182.jpg,nozzle_tip_wrapped,660,1172,1,98.62989807128906,68.12784576416016,0.06816113351949529,0.06085427655393526,40.83481216430664,100.71538292481125,101.806006308822,76.80594684041783,368b419893917ea9d1487b008eedb90d8eb61f7954fa3222b3a5348c27121c14
train,/mnt/d/ruanjianxiazai/pycharm2026/datasets/dataset_2/train/images/nozzle_tip_wrapped_1096.jpg,/mnt/d/ruanjianxiazai/pycharm2026/datasets/dataset_2/train/labels/nozzle_tip_wrapped_1096.txt,nozzle_tip_wrapped_1096.jpg,nozzle_tip_wrapped,660,1172,1,97.13609313964844,68.25540161132812,0.04345976833178199,0.06793360223394353,40.852020263671875,98.0850074981901,100.6554180887372,76.52584031440686,d508060cad1644ce2d9e45b187bf6792818e75ade4f6a748e7a6b63a1ba36a7f
train,/mnt/d/ruanjianxiazai/pycharm2026/datasets/dataset_2/train/images/nozzle_tip_wrapped_1143.jpg,/mnt/d/ruanjianxiazai/pycharm2026/datasets/dataset_2/train/labels/nozzle_tip_wrapped_1143.txt,nozzle_tip_wrapped_1143.jpg,nozzle_tip_wrapped,660,1172,1,99.7179946899414,72.87747192382812,0.08034827800186162,0.06386906608749612,40.95681381225586,101.31946426724583,102.60862938256282,80.63342770710518,5abd8a7431e3e513143c65f7fca4904e53e5d019ac40dc6c70d35f1ae1f9332f
train,/mnt/d/ruanjianxiazai/pycharm2026/datasets/dataset_2/train/images/nozzle_tip_wrapped_1043.jpg,/mnt/d/ruanjianxiazai/pycharm2026/datasets/dataset_2/train/labels/nozzle_tip_wrapped_1043.txt,nozzle_tip_wrapped_1043.jpg,nozzle_tip_wrapped,660,1172,1,110.00592803955078,71.61827850341797,0.08064174164856759,0.06675974764711966,40.99802780151367,117.00441488261454,111.01391948495191,86.4599234667494,9f87e0c3fe786b0444ee7ca2b267254d65737cba9190ed46d17256bd60e8045b
train,/mnt/d/ruanjianxiazai/pycharm2026/datasets/dataset_2/train/images/nozzle_tip_wrapped_1263.jpg,/mnt/d/ruanjianxiazai/pycharm2026/datasets/dataset_2/train/labels/nozzle_tip_wrapped_1263.txt,nozzle_tip_wrapped_1263.jpg,nozzle_tip_wrapped,660,1172,1,112.65744018554688,79.13720703125,0.14714422380804634,0.06176569448753749,40.999691009521484,113.36311149032991,115.47984926052332,96.27364515461785,098ac88b0b37ad74fdc9077bcb2cfbd9478d2bd21b78d41d5f3fde985ffb97cd
train,/mnt/d/ruanjianxiazai/pycharm2026/datasets/dataset_2/train/images/nozzle_tip_wrapped_1079.jpg,/mnt/d/ruanjianxiazai/pycharm2026/datasets/dataset_2/train/labels/nozzle_tip_wrapped_1079.txt,nozzle_tip_wrapped_1079.jpg,nozzle_tip_wrapped,660,1172,1,88.60900115966797,61.57962417602539,0.036173596028544835,0.06597114489605957,41.076171875,92.6231758713414,91.19417338918193,64.76926517737098,1b5273375adadbfa832d872d61e5ab0fb04cedbcd284dbdad23fda1d6278361e
train,/mnt/d/ruanjianxiazai/pycharm2026/datasets/dataset_2/train/images/nozzle_tip_wrapped_1029.jpg,/mnt/d/ruanjianxiazai/pycharm2026/datasets/dataset_2/train/labels/nozzle_tip_wrapped_1029.txt,nozzle_tip_wrapped_1029.jpg,nozzle_tip_wrapped,660,1172,1,97.20362091064453,68.12782287597656,0.02841038370048609,0.08501396214706795,41.24866485595703,101.57377572654876,98.85964939497363,77.2144314303444,ef82ca81c0c0d2736e0006ffdf494672ae76473a1a5724d5df0a6a9d38e6733c
train,/mnt/d/ruanjianxiazai/pycharm2026/datasets/dataset_2/train/images/nozzle_tip_wrapped_1145.jpg,/mnt/d/ruanjianxiazai/pycharm2026/datasets/dataset_2/train/labels/nozzle_tip_wrapped_1145.txt,nozzle_tip_wrapped_1145.jpg,nozzle_tip_wrapped,660,1172,1,98.43045806884766,70.54232788085938,0.06575007756748372,0.07200460233736684,41.36321258544922,99.29340805667597,101.78581549281208,78.88997310993898,ec2fb5f32e7f9d7b7b998a3e8a3e5bc3a60f29a9625c7076b705668bd3d633bb
train,/mnt/d/ruanjianxiazai/pycharm2026/datasets/dataset_2/train/images/nozzle_tip_wrapped_1031.jpg,/mnt/d/ruanjianxiazai/pycharm2026/datasets/dataset_2/train/labels/nozzle_tip_wrapped_1031.txt,nozzle_tip_wrapped_1031.jpg,nozzle_tip_wrapped,660,1172,1,102.7435302734375,68.57935333251953,0.047091219360843935,0.0749806081290723,41.366485595703125,108.2017995656221,103.87742269107457,82.58895439031957,1257be104d721aed6ed1847bfe4f93f4e9701af7770cd9eb748bb5c94bffb412
val,/mnt/d/ruanjianxiazai/pycharm2026/datasets/dataset_2/val/images/nozzle_tip_wrapped_1247.jpg,/mnt/d/ruanjianxiazai/pycharm2026/datasets/dataset_2/val/labels/nozzle_tip_wrapped_1247.txt,nozzle_tip_wrapped_1247.jpg,nozzle_tip_wrapped,660,1172,1,91.64280700683594,72.30686950683594,0.08393965249767298,0.0883674630261661,41.6443977355957,94.81994260006205,94.20542972385975,70.11444823663254,3449d296eac26d07a49bb6ca74313a8c90d4b954fb8cd3be146b622475ad0613
train,/mnt/d/ruanjianxiazai/pycharm2026/datasets/dataset_2/train/images/nozzle_tip_wrapped_1127.jpg,/mnt/d/ruanjianxiazai/pycharm2026/datasets/dataset_2/train/labels/nozzle_tip_wrapped_1127.txt,nozzle_tip_wrapped_1127.jpg,nozzle_tip_wrapped,660,1172,1,126.68226623535156,82.96244049072266,0.18610507808460028,0.059181404488571725,41.81122589111328,127.84097890164443,129.21970989761093,110.5775209432206,166e535347c74556b9dd0852bd83420729f07580ab4612109f324690f38b8775
train,/mnt/d/ruanjianxiazai/pycharm2026/datasets/dataset_2/train/images/nozzle_extrusion_normal_0960.jpg,/mnt/d/ruanjianxiazai/pycharm2026/datasets/dataset_2/train/labels/nozzle_extrusion_normal_0960.txt,nozzle_extrusion_normal_0960.jpg,nozzle_extrusion_normal,660,1172,1,112.367919921875,86.71987915039062,0.18217499224325162,0.0745824283793567,41.89824295043945,113.89449787982211,114.57943815285965,96.97657591271073,902dc58577b07cb82e602e248d18980948119b54bebf951012239661d08a5015
train,/mnt/d/ruanjianxiazai/pycharm2026/datasets/dataset_2/train/images/nozzle_clean_0111.jpg,/mnt/d/ruanjianxiazai/pycharm2026/datasets/dataset_2/train/labels/nozzle_clean_0111.txt,nozzle_clean_0111.jpg,nozzle_clean,660,1172,1,101.40213775634766,70.6281509399414,0.04744156582893784,0.06632536973833902,41.947364807128906,102.18818647223084,102.78720912193609,92.2086074051091,bac1476359d5d809f97c8c8cc437c37cf69343b928e4cdafb79e899d22a526e1
train,/mnt/d/ruanjianxiazai/pycharm2026/datasets/dataset_2/train/images/nozzle_no_extrusion_0104.jpg,/mnt/d/ruanjianxiazai/pycharm2026/datasets/dataset_2/train/labels/nozzle_no_extrusion_0104.txt,nozzle_no_extrusion_0104.jpg,nozzle_no_extrusion,660,1172,1,101.40213775634766,70.6281509399414,0.04744156582893784,0.06632536973833902,41.947364807128906,102.18818647223084,102.78720912193609,92.2086074051091,bac1476359d5d809f97c8c8cc437c37cf69343b928e4cdafb79e899d22a526e1
train,/mnt/d/ruanjianxiazai/pycharm2026/datasets/dataset_2/train/images/nozzle_tip_wrapped_1198.jpg,/mnt/d/ruanjianxiazai/pycharm2026/datasets/dataset_2/train/labels/nozzle_tip_wrapped_1198.txt,nozzle_tip_wrapped_1198.jpg,nozzle_tip_wrapped,660,1172,1,90.85218811035156,66.35162353515625,0.058525959251215225,0.06766987278932672,41.95772171020508,91.87650480918398,94.04052901023891,71.7484189161237,a07e6298731ec0556c179cefc57edd3206a223be53dd9b5fd18540ac5c048b3a
val,/mnt/d/ruanjianxiazai/pycharm2026/datasets/dataset_2/val/images/nozzle_tip_wrapped_1037.jpg,/mnt/d/ruanjianxiazai/pycharm2026/datasets/dataset_2/val/labels/nozzle_tip_wrapped_1037.txt,nozzle_tip_wrapped_1037.jpg,nozzle_tip_wrapped,660,1172,1,111.66157531738281,80.97496032714844,0.15418735132898956,0.06376305719309132,41.971107482910156,117.88904617850864,112.31460466439135,91.96564277588169,74eecba7208ac46ee99e9df3fa0a4a85f831e8e89d9255e27ae5a161113413f1
train,/mnt/d/ruanjianxiazai/pycharm2026/datasets/dataset_2/train/images/nozzle_tip_wrapped_1060.jpg,/mnt/d/ruanjianxiazai/pycharm2026/datasets/dataset_2/train/labels/nozzle_tip_wrapped_1060.txt,nozzle_tip_wrapped_1060.jpg,nozzle_tip_wrapped,660,1172,1,113.32028198242188,77.7731704711914,0.1327929465301479,0.061333902161547216,42.198143005371094,118.91185101871962,114.60967654359293,92.01540619505637,5d67e1cf124511e1b05f68588ed68eae9adcf078085e33108bc4f1fea2b9443e
val,/mnt/d/ruanjianxiazai/pycharm2026/datasets/dataset_2/val/images/nozzle_extrusion_normal_0896.jpg,/mnt/d/ruanjianxiazai/pycharm2026/datasets/dataset_2/val/labels/nozzle_extrusion_normal_0896.txt,nozzle_extrusion_normal_0896.jpg,nozzle_extrusion_normal,660,1172,1,134.22775268554688,88.91512298583984,0.25751887475436963,0.055149188127003826,42.2309455871582,134.21473523632227,136.78386337780535,121.10015513496742,10af2446ea9d4bfe17db841397b76d9d6c1385062085e8ec5ccf0f9e77e0cf40
val,/mnt/d/ruanjianxiazai/pycharm2026/datasets/dataset_2/val/images/nozzle_extrusion_normal_0877.jpg,/mnt/d/ruanjianxiazai/pycharm2026/datasets/dataset_2/val/labels/nozzle_extrusion_normal_0877.txt,nozzle_extrusion_normal_0877.jpg,nozzle_extrusion_normal,660,1172,1,135.2312469482422,87.57279968261719,0.23468171475850658,0.06006179542868963,42.258975982666016,135.15869660771537,138.06594658185955,120.82535681042506,bf081f881022e93407c451e9b84d7e6a14e79f3701d1f124ce41f670d5350f9e
train,/mnt/d/ruanjianxiazai/pycharm2026/datasets/dataset_2/train/images/nozzle_tip_wrapped_1049.jpg,/mnt/d/ruanjianxiazai/pycharm2026/datasets/dataset_2/train/labels/nozzle_tip_wrapped_1049.txt,nozzle_tip_wrapped_1049.jpg,nozzle_tip_wrapped,660,1172,1,109.56166076660156,76.91948699951172,0.12741751990898748,0.0661547212741752,42.269351959228516,115.87283069603889,110.88231332092253,86.20842124314821,145851236b3ba40d7b5af20cabf5d423cb887571eb48707445ad4e542d635ed0
train,/mnt/d/ruanjianxiazai/pycharm2026/datasets/dataset_2/train/images/nozzle_tip_wrapped_1120.jpg,/mnt/d/ruanjianxiazai/pycharm2026/datasets/dataset_2/train/labels/nozzle_tip_wrapped_1120.txt,nozzle_tip_wrapped_1120.jpg,nozzle_tip_wrapped,660,1172,1,109.41584777832031,73.47856903076172,0.0897313579480815,0.07327670907022443,42.27494812011719,110.58984383079947,112.63939393939394,89.73815156686317,c6081652106a70c266aacfea78d9d50fee772025569b60597c36a77ff9de287b
train,/mnt/d/ruanjianxiazai/pycharm2026/datasets/dataset_2/train/images/nozzle_tip_wrapped_1100.jpg,/mnt/d/ruanjianxiazai/pycharm2026/datasets/dataset_2/train/labels/nozzle_tip_wrapped_1100.txt,nozzle_tip_wrapped_1100.jpg,nozzle_tip_wrapped,660,1172,1,116.8398208618164,77.26341247558594,0.13732547316165064,0.05833721170751888,42.315330505371094,120.6113739786948,118.96685153583618,95.99542222566967,4ecf6ec7c8df4265fcd21eead28e0dc3456f0a45abe123bce5ad9d495b287f55
train,/mnt/d/ruanjianxiazai/pycharm2026/datasets/dataset_2/train/images/nozzle_extrusion_normal_0974.jpg,/mnt/d/ruanjianxiazai/pycharm2026/datasets/dataset_2/train/labels/nozzle_extrusion_normal_0974.txt,nozzle_extrusion_normal_0974.jpg,nozzle_extrusion_normal,660,1172,1,140.4560546875,87.77140045166016,0.25941669252249455,0.051981849208811666,42.43206787109375,140.44528906815597,142.9843339538732,127.4658522080877,78c05b894fa4dd08f808f164b272727d34b971cf948d3ad47fa1e7dd58c215ac
train,/mnt/d/ruanjianxiazai/pycharm2026/datasets/dataset_2/train/images/nozzle_clean_0110.jpg,/mnt/d/ruanjianxiazai/pycharm2026/datasets/dataset_2/train/labels/nozzle_clean_0110.txt,nozzle_clean_0110.jpg,nozzle_clean,660,1172,1,102.86711883544922,67.7481460571289,0.047179129175716206,0.0657436136105078,42.555267333984375,104.57889518047368,103.93783612576274,92.86428146654256,31a71599bf4e6b7a6ff007ae0721d6276fd87004e0a8049544719b416083ac40
train,/mnt/d/ruanjianxiazai/pycharm2026/datasets/dataset_2/train/images/nozzle_no_extrusion_0103.jpg,/mnt/d/ruanjianxiazai/pycharm2026/datasets/dataset_2/train/labels/nozzle_no_extrusion_0103.txt,nozzle_no_extrusion_0103.jpg,nozzle_no_extrusion,660,1172,1,102.86711883544922,67.7481460571289,0.047179129175716206,0.0657436136105078,42.555267333984375,104.57889518047368,103.93783612576274,92.86428146654256,31a71599bf4e6b7a6ff007ae0721d6276fd87004e0a8049544719b416083ac40
train,/mnt/d/ruanjianxiazai/pycharm2026/datasets/dataset_2/train/images/nozzle_tip_wrapped_1114.jpg,/mnt/d/ruanjianxiazai/pycharm2026/datasets/dataset_2/train/labels/nozzle_tip_wrapped_1114.txt,nozzle_tip_wrapped_1114.jpg,nozzle_tip_wrapped,660,1172,1,124.28145599365234,85.1127700805664,0.19613196814562003,0.061512307374082115,42.5981559753418,125.91069655600373,126.79689600786017,107.05591581342435,8b8f9ed8c10001cde64e80e058e0f6d87dbe68661d6e7dcafd1bb6eff1fbf1ac
train,/mnt/d/ruanjianxiazai/pycharm2026/datasets/dataset_2/train/images/nozzle_tip_wrapped_1107.jpg,/mnt/d/ruanjianxiazai/pycharm2026/datasets/dataset_2/train/labels/nozzle_tip_wrapped_1107.txt,nozzle_tip_wrapped_1107.jpg,nozzle_tip_wrapped,660,1172,1,106.29537963867188,71.67356872558594,0.08409220188230428,0.07152626952115007,42.61638641357422,111.60577102078808,107.64014763677733,85.44282371496536,0eaa49fc5b61f683ff6d6b2e70fe245a355a8e5b19f690ff1ebdd2fc9c55576a
val,/mnt/d/ruanjianxiazai/pycharm2026/datasets/dataset_2/val/images/nozzle_tip_wrapped_1101.jpg,/mnt/d/ruanjianxiazai/pycharm2026/datasets/dataset_2/val/labels/nozzle_tip_wrapped_1101.txt,nozzle_tip_wrapped_1101.jpg,nozzle_tip_wrapped,660,1172,1,127.85981750488281,86.79521179199219,0.22463284724376875,0.056829816940738444,42.73577117919922,131.27622556624263,129.52110740510912,110.34500465404902,6248e06b247ca67018037a73a7af79998a65f42af824bfd51d7db39cf00bcfb8
train,/mnt/d/ruanjianxiazai/pycharm2026/datasets/dataset_2/train/images/nozzle_tip_wrapped_1192.jpg,/mnt/d/ruanjianxiazai/pycharm2026/datasets/dataset_2/train/labels/nozzle_tip_wrapped_1192.txt,nozzle_tip_wrapped_1192.jpg,nozzle_tip_wrapped,660,1172,1,118.8718032836914,76.62738037109375,0.14035577619195366,0.05032836901437584,42.78790283203125,119.8098187506464,121.83638302823456,101.14662322887578,c446a78e320972a4fcb9dedda4b21b1aca14502f52f4a9efcf4cfc69b7038fd2
train,/mnt/d/ruanjianxiazai/pycharm2026/datasets/dataset_2/train/images/nozzle_extrusion_normal_0917.jpg,/mnt/d/ruanjianxiazai/pycharm2026/datasets/dataset_2/train/labels/nozzle_extrusion_normal_0917.txt,nozzle_extrusion_normal_0917.jpg,nozzle_extrusion_normal,660,1172,1,134.3963623046875,89.83138275146484,0.25278725824800913,0.0593947150687765,42.7996826171875,134.5445030509877,136.91806934533045,121.02323533974558,55705ff44cb30f8c029d006f304d84e96e2d2ec72f4d056b0aacc1f3ae97f73f
train,/mnt/d/ruanjianxiazai/pycharm2026/datasets/dataset_2/train/images/nozzle_extrusion_normal_0865.jpg,/mnt/d/ruanjianxiazai/pycharm2026/datasets/dataset_2/train/labels/nozzle_extrusion_normal_0865.txt,nozzle_extrusion_normal_0865.jpg,nozzle_extrusion_normal,660,1172,1,109.05365753173828,86.32343292236328,0.14819009204674732,0.0751990898748578,42.805477142333984,108.93568879925535,111.82281388975075,95.10425586927293,5ac6c61e5468b2fcab67cfeb30c9330eca67e1a12f75d268866e72d7c5a3ab70
train,/mnt/d/ruanjianxiazai/pycharm2026/datasets/dataset_2/train/images/nozzle_no_extrusion_0096.jpg,/mnt/d/ruanjianxiazai/pycharm2026/datasets/dataset_2/train/labels/nozzle_no_extrusion_0096.txt,nozzle_no_extrusion_0096.jpg,nozzle_no_extrusion,660,1172,1,103.39375305175781,65.64372253417969,0.05264763677732961,0.06133131657875685,42.922157287597656,104.85849751784052,105.0858387630572,90.83929568724791,d3b3c32f7114bb4b771eb875dd701a6165e8386ef502a2b578faa4bee24635e4
train,/mnt/d/ruanjianxiazai/pycharm2026/datasets/dataset_2/train/images/nozzle_extrusion_normal_1024.jpg,/mnt/d/ruanjianxiazai/pycharm2026/datasets/dataset_2/train/labels/nozzle_extrusion_normal_1024.txt,nozzle_extrusion_normal_1024.jpg,nozzle_extrusion_normal,660,1172,1,128.34963989257812,87.15251922607422,0.21846752508015307,0.0639892956872479,42.938865661621094,129.2760200124108,130.7463763057193,113.57877107249975,6575056fa544ad798ef1cba626136de3eb76a57ae6baaf972ee934e7535e5e8f
train,/mnt/d/ruanjianxiazai/pycharm2026/datasets/dataset_2/train/images/nozzle_tip_wrapped_1098.jpg,/mnt/d/ruanjianxiazai/pycharm2026/datasets/dataset_2/train/labels/nozzle_tip_wrapped_1098.txt,nozzle_tip_wrapped_1098.jpg,nozzle_tip_wrapped,660,1172,1,122.05464935302734,81.02735137939453,0.16096674940531597,0.06589487020374392,42.94846725463867,123.83802745888923,124.67236529113663,103.89824568207673,cb2142e0157ab1c8c9ae525d8500f76a093667ec44c742b5f5f4bc7b1bbd9789
train,/mnt/d/ruanjianxiazai/pycharm2026/datasets/dataset_2/train/images/nozzle_tip_wrapped_1068.jpg,/mnt/d/ruanjianxiazai/pycharm2026/datasets/dataset_2/train/labels/nozzle_tip_wrapped_1068.txt,nozzle_tip_wrapped_1068.jpg,nozzle_tip_wrapped,660,1172,1,104.05122375488281,73.01109313964844,0.08132562829661806,0.0672406660461268,43.081233978271484,109.73236115420416,105.42443634295171,82.07985831006309,c8e23edbfda75a0f7af98ece652f8021520421698a5790983abd87a54c279daa
train,/mnt/d/ruanjianxiazai/pycharm2026/datasets/dataset_2/train/images/nozzle_tip_wrapped_1092.jpg,/mnt/d/ruanjianxiazai/pycharm2026/datasets/dataset_2/train/labels/nozzle_tip_wrapped_1092.txt,nozzle_tip_wrapped_1092.jpg,nozzle_tip_wrapped,660,1172,1,98.0204086303711,67.39063262939453,0.053259127107249976,0.07502197745371807,43.122371673583984,99.67841038370048,101.50571801634088,75.72547962560762,1f8a114dcb79e9c7483c9bd10076710723ff8c5d5f49d5b0bc76b48ffcc2afde
train,/mnt/d/ruanjianxiazai/pycharm2026/datasets/dataset_2/train/images/nozzle_tip_wrapped_1134.jpg,/mnt/d/ruanjianxiazai/pycharm2026/datasets/dataset_2/train/labels/nozzle_tip_wrapped_1134.txt,nozzle_tip_wrapped_1134.jpg,nozzle_tip_wrapped,660,1172,1,103.91097259521484,69.32457733154297,0.07359473575343882,0.06787284103837005,43.176841735839844,107.5380882200848,106.49400791188334,81.09740536766988,714e8824c450f83e3d625dca1a42cbd66d3e9eee65aba670bdd0f9108e21822b
train,/mnt/d/ruanjianxiazai/pycharm2026/datasets/dataset_2/train/images/nozzle_tip_wrapped_1057.jpg,/mnt/d/ruanjianxiazai/pycharm2026/datasets/dataset_2/train/labels/nozzle_tip_wrapped_1057.txt,nozzle_tip_wrapped_1057.jpg,nozzle_tip_wrapped,660,1172,1,100.44796752929688,62.76288986206055,0.037193608439342225,0.06429310166511532,43.23632049560547,106.52343184403765,102.19409452890682,75.52225798945082,cc1939b5ec195abb4a216f7dd64371d4a00c53140aceaf41edd6b83175903b56
train,/mnt/d/ruanjianxiazai/pycharm2026/datasets/dataset_2/train/images/nozzle_extrusion_normal_0934.jpg,/mnt/d/ruanjianxiazai/pycharm2026/datasets/dataset_2/train/labels/nozzle_extrusion_normal_0934.txt,nozzle_extrusion_normal_0934.jpg,nozzle_extrusion_normal,660,1172,1,141.86941528320312,86.69127655029297,0.2507136208501396,0.05502637294446168,43.41468048095703,142.3736309339125,144.11197124831938,128.9997608335919,693277cbfb09f01f9392078ddb259ec170d199cdc00f63bd7aa5874b1b17ca64
train,/mnt/d/ruanjianxiazai/pycharm2026/datasets/dataset_2/train/images/nozzle_tip_wrapped_1050.jpg,/mnt/d/ruanjianxiazai/pycharm2026/datasets/dataset_2/train/labels/nozzle_tip_wrapped_1050.txt,nozzle_tip_wrapped_1050.jpg,nozzle_tip_wrapped,660,1172,1,116.98202514648438,84.49495697021484,0.18316139207777432,0.06391948495190816,43.62423324584961,122.92141767504395,118.02159866583928,96.05121651670287,9c7991fb8381e7b3f0da6c58ca719580c82925410895f8158adbaee718855cde
train,/mnt/d/ruanjianxiazai/pycharm2026/datasets/dataset_2/train/images/nozzle_tip_wrapped_1230.jpg,/mnt/d/ruanjianxiazai/pycharm2026/datasets/dataset_2/train/labels/nozzle_tip_wrapped_1230.txt,nozzle_tip_wrapped_1230.jpg,nozzle_tip_wrapped,660,1172,1,112.30358123779297,78.38673400878906,0.144663357120695,0.05958734098665839,43.66653060913086,114.09782811045609,114.94459354638535,93.99863610507809,8b42ab474838bb50cf8f4d2c31816fee23c221147e916cff4aa32a75a4ca2769
train,/mnt/d/ruanjianxiazai/pycharm2026/datasets/dataset_2/train/images/nozzle_extrusion_normal_0903.jpg,/mnt/d/ruanjianxiazai/pycharm2026/datasets/dataset_2/train/labels/nozzle_extrusion_normal_0903.txt,nozzle_extrusion_normal_0903.jpg,nozzle_extrusion_normal,660,1172,1,108.53016662597656,87.04790496826172,0.1742062260833592,0.07736839383597063,43.670562744140625,110.03586074051091,110.8655044472024,92.55605026372945,010b2b146165c94d5d24142042fedb1522abdc522a31c465d35a54a99ce68443
