相似簇编号,原图片数,拟保留数,拟删除数,类别,原划分,拟统一划分
1,74,38,36,1,test;train;val,train
2,48,48,0,1,test;train;val,train
3,44,26,18,1,test;train;val,train
4,38,33,5,1,test;train;val,train
5,37,28,9,1,test;train;val,train
6,29,19,10,1,test;train;val,train
7,24,22,2,1,test;train;val,train
8,18,18,0,1,test;train;val,train
9,18,15,3,1,test;train;val,train
10,18,18,0,0,test;train;val,train
11,14,12,2,1,test;train;val,train
12,13,12,1,1,test;train;val,train
13,11,11,0,0,test;train;val,train
14,10,10,0,1,test;train;val,train
15,10,7,3,1,test;train;val,train
16,9,9,0,1,test;train;val,train
17,9,7,2,1,test;train;val,train
18,9,9,0,1,train;val,train
19,8,8,0,1,test;train,train
20,8,8,0,0,test;train,train
21,7,7,0,1,test;train,train
22,7,7,0,1,test;train;val,train
23,7,7,0,1,test;train;val,train
24,7,7,0,0,test;train;val,train
25,7,7,0,0,test;train,train
26,6,6,0,1,test;train;val,train
27,6,6,0,1,test;train;val,train
28,6,6,0,1,test;train,train
29,6,6,0,1,test;train;val,train
30,6,3,3,1,test;train,train
31,6,3,3,1,test;train;val,val
32,6,5,1,1,test;train,train
33,6,6,0,0,test;train,train
34,5,5,0,1,test;train,train
35,5,5,0,1,test;train,train
36,5,5,0,1,test;train;val,train
37,5,5,0,1,test;train,train
38,5,5,0,1,test;train;val,train
39,5,4,1,1,test;train;val,train
40,5,5,0,0,test;train;val,train
41,5,5,0,0,test;train;val,train
42,5,5,0,0,test;train,train
43,5,5,0,1,train;val,train
44,5,2,3,1,train;val,train
45,4,4,0,1,test;train,train
46,4,4,0,1,test;train;val,train
47,4,4,0,1,test;train;val,train
48,4,4,0,1,test;train;val,train
49,4,4,0,1,test;train;val,train
50,4,4,0,1,test;train;val,train
51,4,4,0,1,test;train,train
52,4,4,0,1,test;train;val,train
53,4,4,0,1,test;train,train
54,4,4,0,1,test;train,train
55,4,4,0,1,test;train;val,train
56,4,4,0,1,test;train,train
57,4,4,0,1,test;train,train
58,4,4,0,0,test;train,train
59,4,4,0,0,test;train;val,train
60,4,4,0,0,test;train,val
61,4,4,0,0,test;train,val
62,4,4,0,0,test;train;val,val
63,4,4,0,0,test;train;val,val
64,4,4,0,1,train;val,train
65,4,4,0,1,train;val,train
66,4,4,0,1,train;val,train
67,4,4,0,1,train;val,train
68,4,4,0,1,train;val,train
69,4,4,0,1,train;val,train
70,4,4,0,1,train;val,train
71,4,4,0,0,train;val,val
72,3,3,0,1,test;train,val
73,3,3,0,1,test;train;val,val
74,3,3,0,1,test;train;val,val
75,3,3,0,1,test;train;val,val
76,3,3,0,1,test;train,val
77,3,3,0,1,test;train,val
78,3,3,0,1,test;train,val
79,3,3,0,1,test;train;val,val
80,3,3,0,1,test;train;val,val
81,3,3,0,1,test;train,val
82,3,3,0,1,test;train,val
83,3,3,0,1,test;train;val,val
84,3,3,0,1,test;train,val
85,3,3,0,1,test;train;val,val
86,3,3,0,1,test;train,val
87,3,3,0,1,test;train,val
88,3,3,0,1,test;train,val
89,3,3,0,1,test;train,val
90,3,3,0,1,test;train;val,val
91,3,2,1,1,test;train,val
92,3,3,0,1,test;train;val,val
93,3,3,0,1,test;val,val
94,3,2,1,1,test;train,val
95,3,3,0,1,test;train;val,val
96,3,3,0,1,test;train;val,val
97,3,3,0,0,test;train,train
98,3,3,0,0,test;train;val,val
99,3,3,0,0,test;train,val
100,3,3,0,0,test;val,val
101,3,3,0,0,test;train,val
102,3,3,0,0,test;train,val
103,3,3,0,0,test;train,val
104,3,3,0,1,train;val,val
105,3,3,0,1,train;val,val
106,3,3,0,1,train;val,val
107,3,3,0,1,train;val,val
108,3,3,0,1,train;val,val
109,3,3,0,1,train;val,val
110,3,3,0,1,train;val,val
111,3,3,0,1,train;val,val
112,3,3,0,1,train;val,val
113,3,3,0,0,train;val,test
114,3,3,0,1,train;val,val
115,3,3,0,1,train;val,val
116,3,3,0,0,train;val,test
117,3,3,0,0,train;val,test
118,3,3,0,0,train;val,test
119,3,3,0,0,train;val,test
120,2,2,0,1,test;train,val
121,2,2,0,1,test;val,val
122,2,2,0,1,test;train,val
123,2,2,0,1,test;train,val
124,2,2,0,1,test;train,val
125,2,2,0,1,test;train,val
126,2,2,0,1,test;train,val
127,2,2,0,1,test;train,val
128,2,2,0,1,test;train,val
129,2,2,0,1,test;train,val
130,2,2,0,1,test;train,val
131,2,2,0,1,test;train,val
132,2,2,0,1,test;train,val
133,2,2,0,1,test;train,val
134,2,2,0,1,test;val,val
135,2,2,0,1,test;train,val
136,2,2,0,1,test;train,val
137,2,2,0,1,test;train,val
138,2,2,0,1,test;train,val
139,2,2,0,1,test;train,val
140,2,2,0,1,test;train,val
141,2,2,0,1,test;train,val
142,2,2,0,1,test;train,val
143,2,2,0,1,test;train,val
144,2,2,0,1,test;train,val
145,2,2,0,1,test;train,val
146,2,2,0,1,test;train,test
147,2,2,0,1,test;train,test
148,2,1,1,1,test;train,test
149,2,2,0,1,test;train,test
150,2,2,0,1,test;train,test
151,2,2,0,1,test;train,test
152,2,2,0,1,test;train,test
153,2,2,0,1,test;train,test
154,2,1,1,1,test;train,test
155,2,1,1,1,test;val,test
156,2,2,0,1,test;val,test
157,2,1,1,1,test;train,test
158,2,2,0,1,test;train,test
159,2,2,0,1,test;val,test
160,2,2,0,1,test;val,test
161,2,2,0,1,test;train,test
162,2,2,0,1,test;train,test
163,2,2,0,1,test;val,test
164,2,2,0,1,test;train,test
165,2,2,0,1,test;train,test
166,2,2,0,1,test;train,test
167,2,1,1,1,test;train,test
168,2,2,0,1,test;train,test
169,2,2,0,1,test;train,test
170,2,2,0,1,test;train,test
171,2,2,0,1,test;train,test
172,2,2,0,1,test;val,test
173,2,2,0,0,test;train,test
174,2,2,0,0,test;train,test
175,2,2,0,0,test;train,test
176,2,2,0,0,test;train,test
177,2,2,0,0,test;train,test
178,2,2,0,0,test;train,test
179,2,2,0,0,test;val,test
180,2,2,0,0,test;train,test
181,2,2,0,0,test;train,test
182,2,2,0,0,test;train,test
183,2,2,0,0,test;train,test
184,2,2,0,0,test;train,test
185,2,2,0,0,test;train,test
186,2,2,0,0,test;train,test
187,2,2,0,1,train;val,test
188,2,2,0,1,train;val,test
189,2,2,0,1,train;val,test
190,2,2,0,1,train;val,test
191,2,2,0,1,train;val,test
192,2,2,0,1,train;val,test
193,2,2,0,1,train;val,test
194,2,2,0,1,train;val,test
195,2,2,0,1,train;val,test
196,2,2,0,1,train;val,test
197,2,2,0,1,train;val,test
198,2,2,0,1,train;val,test
199,2,2,0,1,train;val,test
200,2,2,0,1,train;val,test
201,2,2,0,1,train;val,test
202,2,2,0,1,train;val,test
203,2,2,0,1,train;val,test
204,2,2,0,1,train;val,test
205,2,2,0,1,train;val,test
206,2,2,0,1,train;val,test
207,2,2,0,1,train;val,test
208,2,2,0,1,train;val,test
209,2,2,0,1,train;val,test
210,2,2,0,1,train;val,test
211,2,2,0,1,train;val,test
212,2,2,0,1,train;val,test
213,2,2,0,1,train;val,test
214,2,2,0,1,train;val,test
215,2,2,0,1,train;val,test
216,2,1,1,1,train;val,val
217,2,2,0,1,train;val,test
218,2,1,1,1,train;val,test
219,2,2,0,1,train;val,test
220,2,2,0,1,train;val,test
221,2,2,0,1,train;val,test
222,2,2,0,1,train;val,test
223,2,2,0,1,train;val,test
224,2,2,0,1,train;val,test
225,2,2,0,1,train;val,test
226,2,1,1,1,train;val,test
227,2,2,0,1,train;val,test
228,2,2,0,1,train;val,test
229,2,2,0,1,train;val,test
230,2,2,0,1,train;val,test
231,2,2,0,1,train;val,test
232,2,2,0,1,train;val,test
233,2,2,0,1,train;val,test
234,2,2,0,1,train;val,test
235,2,2,0,1,train;val,test
236,2,2,0,1,train;val,test
237,2,2,0,1,train;val,test
238,2,2,0,1,train;val,test
239,2,2,0,0,train;val,test
240,2,2,0,0,train;val,test
241,2,2,0,0,train;val,test
242,2,2,0,0,train;val,test
243,2,2,0,0,train;val,test
244,2,2,0,0,train;val,test
245,2,2,0,0,train;val,test
246,2,2,0,0,train;val,test
247,2,2,0,0,train;val,test
